data_criacao_ticket,nome_da_organizacao,estado,id_ticket_sgis,assunto_ticket,ip_origem,categoria,category_id,tipo,id_tipo,status,resolved,notified,vulnerability
25/01/2024,Instituto Federal Farroupilha - Campus Avançado Uruguaiana,RS,5938239,Hosts com o serviço SNMP vulneráveis que podem ser utilizados em ataques DDoS,200.132.230.11,Vulnerabilidades/Configuração Incorreta,21,Amplificação/SNMP,88,0,,2024-01-25 01:44:42-03:00,True
25/01/2024,PoP-RS,RS,5938336,Hosts com o serviço NTP vulneráveis que podem ser utilizados em ataques DDoS,2804::dfc2,Vulnerabilidades/Tecnologia ou versão obsoleta,22,Amplificação/NTP,111,0,,2024-01-25 02:52:42-03:00,True
25/01/2024,PoP-RS,RS,5938360,Hosts com o serviço NTP vulneráveis que podem ser utilizados em ataques DDoS,2804::d04a,Vulnerabilidades/Tecnologia ou versão obsoleta,22,Amplificação/NTP,111,0,,2024-01-25 02:52:42-03:00,True
07/02/2024,Centro de Preparação de Oficiais da Reserva,RS,5939061,Host com o serviço ElasticSearch vulnerável,200.132.25.93,Vulnerabilidades/Configuração Incorreta,21,Acesso Indevido-Vazamento/Elasticsearch,92,0,,2024-02-07 00:08:57-03:00,True
09/02/2024,Instituto Federal Farroupilha - Campus Avançado Uruguaiana,RS,5939452,Host com o serviço de DNS Recursivo Aberto,200.132.230.80,Vulnerabilidades/Configuração Incorreta,21,Amplificação/DNS Recursivo,77,0,,2024-02-09 23:55:21-03:00,True
13/02/2024,Fórum Internacional de Software Livre,RS,5939785,Hosts com o serviço PortMapper vulneráveis que podem ser utilizados em ataques DDoS,200.132.1.16,Vulnerabilidades/Configuração Incorreta,21,Amplificação/Portmapper,85,0,,2024-02-13 00:50:13-03:00,True
13/02/2024,Instituto Federal Sul-Rio-Grandense - Sapucaia do Sul,RS,5939926,Hosts com o serviço NTP vulneráveis que podem ser utilizados em ataques DDoS,200.19.248.30,Vulnerabilidades/Tecnologia ou versão obsoleta,22,Amplificação/NTP,111,0,,2024-02-13 00:47:13-03:00,True
15/02/2024,Instituto Federal Farroupilha - Campus Avançado Uruguaiana,RS,5940186,Host com o serviço SMB vulnerável,200.132.230.80,Vulnerabilidades/Configuração Incorreta,21,Acesso Indevido-Vazamento/SMB,102,0,,2024-02-15 01:21:35-03:00,True
15/02/2024,Universidade Franciscana,RS,5940398,Host com serviço STUN vulnerável que pode ser utilizado em ataques DDoS,200.132.59.191,Vulnerabilidades/Configuração Incorreta,21,Amplificação/STUN,158,0,,2024-02-15 01:37:35-03:00,True
16/02/2024,Instituto Federal Farroupilha - Jaguari,RS,5940492,Host com o serviço SMB vulnerável,200.132.72.130,Vulnerabilidades/Configuração Incorreta,21,Acesso Indevido-Vazamento/SMB,102,0,,2024-02-16 00:55:47-03:00,True
16/02/2024,Instituto Federal do Rio Grande do Sul - Feliz,RS,5940661,Servidores Web vulneráveis ao ataque Poodle,200.17.85.243,Vulnerabilidades/Tecnologia ou versão obsoleta,22,Acesso Indevido-Vazamento/Poodle,107,0,,2024-01-30 01:44:38-03:00,True
16/02/2024,PoP-RS,RS,5940673,Servidores Web vulneráveis ao ataque Poodle,200.19.1.201,Vulnerabilidades/Tecnologia ou versão obsoleta,22,Acesso Indevido-Vazamento/Poodle,107,0,,2024-01-30 01:44:38-03:00,True
16/02/2024,PoP-RS,RS,5940734,Servidores Web vulneráveis ao ataque Poodle,2804::e802,Vulnerabilidades/Tecnologia ou versão obsoleta,22,Acesso Indevido-Vazamento/Poodle,107,0,,2024-02-16 02:03:47-03:00,True
17/02/2024,Instituto Federal Farroupilha - Jaguari,RS,5940778,Hosts com o serviço NetBios vulneráveis que podem ser utilizados em ataques DDoS,200.132.72.83,Vulnerabilidades/Configuração Incorreta,21,Amplificação/NetBios,90,0,,2024-02-17 00:32:58-03:00,True
17/02/2024,Instituto Federal Farroupilha - Jaguari,RS,5940839,Host com o serviço SMB vulnerável,200.132.72.83,Vulnerabilidades/Configuração Incorreta,21,Acesso Indevido-Vazamento/SMB,102,0,,2024-02-17 01:05:58-03:00,True
17/02/2024,Centro de Excelência em Tecnologia Eletrônica Avançada,RS,5940840,Host com o serviço SMB vulnerável,200.132.5.190,Vulnerabilidades/Configuração Incorreta,21,Acesso Indevido-Vazamento/SMB,102,0,,2024-02-17 01:05:58-03:00,True
17/02/2024,Instituto Federal Farroupilha - Campus Avançado Uruguaiana,RS,5940953,Hosts com o serviço LDAP vulneráveis que podem ser utilizados em ataques DDoS,200.132.230.80,Vulnerabilidades/Configuração Incorreta,21,Amplificação/LDAP,116,0,,2024-02-17 00:14:57-03:00,True
17/02/2024,Instituto Federal Farroupilha - Campus Avançado Uruguaiana,RS,5940954,Host com o serviço LDAP vulnerável,200.132.230.80,Vulnerabilidades/Configuração Incorreta,21,Acesso Indevido-Vazamento/LDAP,99,0,,2024-02-17 00:11:57-03:00,True
24/02/2024,Instituto Federal Sul-Rio-Grandense - Gravataí,RS,5942476,Host com o serviço MongoDB vulnerável,200.19.1.18,Vulnerabilidades/Configuração Incorreta,21,Acesso Indevido-Vazamento/MongoDB,93,0,,2024-02-24 00:29:24-03:00,True
24/02/2024,Instituto Federal Sul-Rio-Grandense - Sapucaia do Sul,RS,5942479,Host com o serviço MYSQL vulnerável,200.19.248.12,Vulnerabilidades/Configuração Incorreta,21,Acesso Indevido-Vazamento/MS-SQL,100,0,,2024-02-24 00:34:18-03:00,True
25/02/2024,PoP-RS,RS,5942768,Hosts com o serviço NTP vulneráveis que podem ser utilizados em ataques DDoS,2804::dfc2,Vulnerabilidades/Tecnologia ou versão obsoleta,22,Amplificação/NTP,111,0,,2024-02-25 03:02:35-03:00,True
25/02/2024,PoP-RS,RS,5942772,Hosts com o serviço NTP vulneráveis que podem ser utilizados em ataques DDoS,2804::d04a,Vulnerabilidades/Tecnologia ou versão obsoleta,22,Amplificação/NTP,111,0,,2024-02-25 03:02:35-03:00,True
06/03/2024,Hospital Moinhos de Vento,RS,5944569,Host infectado com malware,200.238.32.130,Código Malicioso,13,Malware/Outros,60,0,,2024-03-06 03:04:23-03:00,False
06/03/2024,Instituto Federal Sul-Rio-Grandense - Lajeado,RS,5944588,Host infectado com malware,200.19.253.12,Código Malicioso,13,Malware/Outros,60,0,,2024-03-06 03:14:25-03:00,False
12/03/2024,Interno PoP-RS,RS,5945742,Host com o serviço MYSQL vulnerável,200.132.1.72,Vulnerabilidades/Configuração Incorreta,21,Acesso Indevido-Vazamento/MS-SQL,100,0,,2024-03-12 00:46:12-03:00,True
12/03/2024,Instituto Federal Sul-Rio-Grandense - Pelotas,RS,5945958,Host infectado com malware,200.19.252.2,Código Malicioso,13,Malware/Outros,60,0,,2024-03-12 03:23:15-03:00,False
13/03/2024,Irmandade Santa Casa de Misericórdia,RS,5946220,Host infectado com malware,200.132.64.82,Código Malicioso,13,Malware/Outros,60,0,,2024-03-13 04:53:24-03:00,False
15/03/2024,Centro de Preparação de Oficiais da Reserva,RS,5946682,Host com o serviço ElasticSearch vulnerável,200.132.25.93,Vulnerabilidades/Configuração Incorreta,21,Acesso Indevido-Vazamento/Elasticsearch,92,0,,2024-03-15 00:16:51-03:00,True
16/03/2024,Fórum Internacional de Software Livre,RS,5946964,Hosts com o serviço PortMapper vulneráveis que podem ser utilizados em ataques DDoS,200.132.1.16,Vulnerabilidades/Configuração Incorreta,21,Amplificação/Portmapper,85,0,,2024-03-16 01:26:45-03:00,True
16/03/2024,Interno PoP-RS,RS,5946967,Hosts com o serviço PortMapper vulneráveis que podem ser utilizados em ataques DDoS,200.132.0.123,Vulnerabilidades/Configuração Incorreta,21,Amplificação/Portmapper,85,0,,2024-03-16 01:28:51-03:00,True
16/03/2024,Universidade Franciscana,RS,5947052,Host com serviço STUN vulnerável que pode ser utilizado em ataques DDoS,200.132.59.191,Vulnerabilidades/Configuração Incorreta,21,Amplificação/STUN,158,0,,2024-03-16 02:06:50-03:00,True
20/03/2024,Instituto Federal Farroupilha - Jaguari,RS,5947854,Host com o serviço SMB vulnerável,200.132.72.130,Vulnerabilidades/Configuração Incorreta,21,Acesso Indevido-Vazamento/SMB,102,0,,2024-03-20 01:52:13-03:00,True
21/03/2024,Instituto Federal Farroupilha - Jaguari,RS,5948035,Host com o serviço SMB vulnerável,200.132.72.83,Vulnerabilidades/Configuração Incorreta,21,Acesso Indevido-Vazamento/SMB,102,0,,2024-03-21 01:39:32-03:00,True
25/03/2024,PoP-RS,RS,5949096,Servidores Web vulneráveis ao ataque Poodle,200.19.1.201,Vulnerabilidades/Tecnologia ou versão obsoleta,22,Acesso Indevido-Vazamento/Poodle,107,0,,2024-03-25 02:26:15-03:00,True
26/03/2024,PoP-RS,RS,5949329,Servidores Web vulneráveis ao ataque Poodle,200.19.1.200,Vulnerabilidades/Tecnologia ou versão obsoleta,22,Acesso Indevido-Vazamento/Poodle,107,0,,2024-03-26 01:56:23-03:00,True
28/03/2024,PoP-RS,RS,5949947,Hosts com o serviço NTP vulneráveis que podem ser utilizados em ataques DDoS,2804::dfc2,Vulnerabilidades/Tecnologia ou versão obsoleta,22,Amplificação/NTP,111,0,,2024-03-28 02:59:37-03:00,True
03/04/2024,Instituto Federal Sul-Rio-Grandense - Passo Fundo,RS,5951358,Host com o serviço MSMQ vulnerável,200.132.58.1,Tentativa de intrusão,15,Tentativa de Exploração de Vulnerabilidades,44,0,,2024-04-03 14:01:31-03:00,True
11/04/2024,Instituto Federal do Rio Grande do Sul - Farroupilha,RS,5953200,Host infectado com malware,200.132.7.10,Código Malicioso,13,Malware/Outros,60,0,,2024-04-11 02:48:32-03:00,False
13/04/2024,IFRS-Erechim,RS,5953776,Host infectado com malware,200.17.173.1,Código Malicioso,13,Malware/Outros,60,0,,2024-04-13 03:31:49-03:00,False
15/04/2024,Centro de Preparação de Oficiais da Reserva,RS,5953992,Host com o serviço ElasticSearch vulnerável,200.132.25.93,Vulnerabilidades/Configuração Incorreta,21,Acesso Indevido-Vazamento/Elasticsearch,92,0,,2024-04-15 00:14:03-03:00,True
15/04/2024,Fórum Internacional de Software Livre,RS,5954110,Hosts com o serviço PortMapper vulneráveis que podem ser utilizados em ataques DDoS,200.132.1.16,Vulnerabilidades/Configuração Incorreta,21,Amplificação/Portmapper,85,0,,2024-04-15 01:37:06-03:00,True
17/04/2024,Interno PoP-RS,RS,5954559,Hosts com o serviço NTP vulneráveis que podem ser utilizados em ataques DDoS,200.19.240.194,Vulnerabilidades/Tecnologia ou versão obsoleta,22,Amplificação/NTP,111,0,,2024-04-17 00:42:21-03:00,True
17/04/2024,PoP-RS,RS,5954611,Hosts com o serviço NTP vulneráveis que podem ser utilizados em ataques DDoS,2804::f042,Vulnerabilidades/Tecnologia ou versão obsoleta,22,Amplificação/NTP,111,0,,2024-04-17 03:48:22-03:00,True
18/04/2024,Interno PoP-RS,RS,5954757,Host com o serviço MYSQL vulnerável,200.132.1.72,Vulnerabilidades/Configuração Incorreta,21,Acesso Indevido-Vazamento/MS-SQL,100,0,,2024-04-18 03:07:32-03:00,True
18/04/2024,PoP-RS,RS,5954767,Hosts com o serviço NTP vulneráveis que podem ser utilizados em ataques DDoS,200.19.251.254,Vulnerabilidades/Tecnologia ou versão obsoleta,22,Amplificação/NTP,111,0,,2024-04-18 03:11:33-03:00,True
19/04/2024,PoP-RS,RS,5955022,Hosts com o serviço SNMP vulneráveis que podem ser utilizados em ataques DDoS,200.19.251.10,Vulnerabilidades/Configuração Incorreta,21,Amplificação/SNMP,88,0,,2024-04-19 02:10:44-03:00,True
19/04/2024,PoP-RS,RS,5955028,Servidores Web vulneráveis ao ataque Poodle,200.19.251.10,Vulnerabilidades/Tecnologia ou versão obsoleta,22,Acesso Indevido-Vazamento/Poodle,107,0,,2024-04-19 02:14:08-03:00,True
19/04/2024,Instituto Federal Sul-Rio-Grandense - Sapucaia do Sul,RS,5955080,Host infectado com malware,200.19.248.30,Código Malicioso,13,Malware/Outros,60,0,,2024-04-19 03:24:45-03:00,False
20/04/2024,Instituto Federal do Rio Grande do Sul Campus Veranopolis,RS,5955200,Hosts com o serviço NTP vulneráveis que podem ser utilizados em ataques DDoS,200.132.83.101,Vulnerabilidades/Tecnologia ou versão obsoleta,22,Amplificação/NTP,111,0,,2024-04-20 00:39:51-03:00,True
20/04/2024,Centro de Preparação de Oficiais da Reserva,RS,5955269,Servidores Web vulneráveis ao ataque Poodle,200.132.25.150,Vulnerabilidades/Tecnologia ou versão obsoleta,22,Acesso Indevido-Vazamento/Poodle,107,0,,2024-04-20 01:04:57-03:00,True
21/04/2024,Instituto Federal do Rio Grande do Sul Campus Veranopolis,RS,5955506,Hosts com o serviço NTP vulneráveis que podem ser utilizados em ataques DDoS,200.132.83.1,Vulnerabilidades/Tecnologia ou versão obsoleta,22,Amplificação/NTP,111,0,,2024-04-21 00:06:59-03:00,True
21/04/2024,PoP-RS,RS,5955516,Hosts com o serviço SSDP vulneráveis que podem ser utilizados em ataques DDoS,200.19.251.10,Vulnerabilidades/Configuração Incorreta,21,Amplificação/SSDP,89,0,,2024-04-21 00:31:25-03:00,True
22/04/2024,PoP-RS,RS,5955713,Hosts com o serviço TFTP vulneráveis que podem ser utilizados em ataques DDoS,200.19.251.10,Vulnerabilidades/Tecnologia ou versão obsoleta,22,Amplificação/TFTP,112,0,,2024-04-22 01:21:07-03:00,True
23/04/2024,PoP-RS,RS,5955960,Host com o serviço SMB vulnerável,200.19.251.2,Vulnerabilidades/Configuração Incorreta,21,Acesso Indevido-Vazamento/SMB,102,0,,2024-04-23 00:20:18-03:00,True
24/04/2024,PoP-RS,RS,5956327,Host com o serviço SMB vulnerável,200.19.251.174,Vulnerabilidades/Configuração Incorreta,21,Acesso Indevido-Vazamento/SMB,102,0,,2024-04-24 00:40:24-03:00,True
24/04/2024,Centro de Preparação de Oficiais da Reserva,RS,5956446,Host realizando atividade maliciosa,200.132.25.93,Intrusão,16,Comprometimento de Host,69,0,,2024-04-24 01:53:40-03:00,False
26/04/2024,Instituto Federal do Rio Grande do Sul Campus Reitoria,RS,5956879,Equipamento Cisco com a funcionalidade Smart Install vulnerável,200.17.95.70,Vulnerabilidades/Tecnologia ou versão obsoleta,22,Acesso Indevido-Vazamento/Cisco Smart Install,110,0,,2024-04-26 22:52:50-03:00,True
27/04/2024,Instituto Federal do Rio Grande do Sul Campus Reitoria,RS,5956936,Hosts com o serviço NTP vulneráveis que podem ser utilizados em ataques DDoS,200.17.92.2,Vulnerabilidades/Tecnologia ou versão obsoleta,22,Amplificação/NTP,111,0,,2024-04-27 00:15:49-03:00,True
27/04/2024,Centro de Preparação de Oficiais da Reserva,RS,5957005,Host infectado com malware,200.132.25.93,Código Malicioso,13,Malware/Outros,60,0,,2024-04-27 03:19:50-03:00,False
27/04/2024,Instituto Federal Sul-Rio-Grandense - Pelotas,RS,5957037,Host infectado com malware,200.19.252.2,Código Malicioso,13,Malware/Outros,60,0,,2024-04-27 03:22:50-03:00,False
28/04/2024,PoP-RS,RS,5957307,Hosts com o serviço NTP vulneráveis que podem ser utilizados em ataques DDoS,2804::dfc2,Vulnerabilidades/Tecnologia ou versão obsoleta,22,Amplificação/NTP,111,0,,2024-04-28 01:34:57-03:00,True
03/05/2024,"Instituto Nacional de Metrologia, Qualidade e Tecnologia - RS",RS,5958200,Host realizando atividade maliciosa,200.132.19.192,Intrusão,16,Comprometimento de Host,69,0,,2024-05-03 01:22:09-03:00,False
15/05/2024,Instituto Federal do Rio Grande do Sul - Farroupilha,RS,5961455,Host infectado com malware,200.132.7.10,Código Malicioso,13,Malware/Outros,60,0,,2024-05-15 11:44:25-03:00,False
17/05/2024,Universidade Franciscana,RS,5962570,Host com serviço STUN vulnerável que pode ser utilizado em ataques DDoS,200.132.59.191,Vulnerabilidades/Configuração Incorreta,21,Amplificação/STUN,158,0,,2024-05-17 00:37:38-03:00,True
18/05/2024,PoP-RS,RS,5962788,Hosts com o serviço NTP vulneráveis que podem ser utilizados em ataques DDoS,2804::f042,Vulnerabilidades/Tecnologia ou versão obsoleta,22,Amplificação/NTP,111,0,,2024-05-18 00:59:47-03:00,True
21/05/2024,Centro de Preparação de Oficiais da Reserva,RS,5963370,Host com o serviço ElasticSearch vulnerável,200.132.25.93,Vulnerabilidades/Configuração Incorreta,21,Acesso Indevido-Vazamento/Elasticsearch,92,0,,2024-05-21 23:16:22-03:00,True
22/05/2024,Fórum Internacional de Software Livre,RS,5963520,Hosts com o serviço PortMapper vulneráveis que podem ser utilizados em ataques DDoS,200.132.1.16,Vulnerabilidades/Configuração Incorreta,21,Amplificação/Portmapper,85,0,,2024-05-22 00:04:23-03:00,True
23/05/2024,IFRS - Porto Alegre,RS,5963834,Host com o serviço SMB vulnerável,2804:0:2460:3000::2,Vulnerabilidades/Configuração Incorreta,21,Acesso Indevido-Vazamento/SMB,102,0,,2024-05-23 01:06:11-03:00,True
29/05/2024,PoP-RS,RS,5965012,Hosts com o serviço NTP vulneráveis que podem ser utilizados em ataques DDoS,2804::dfc2,Vulnerabilidades/Tecnologia ou versão obsoleta,22,Amplificação/NTP,111,0,,2024-05-29 00:59:30-03:00,True
02/06/2024,Centro de Preparação de Oficiais da Reserva,RS,5965585,Host realizando atividade maliciosa,200.132.25.93,Intrusão,16,Comprometimento de Host,69,0,,2024-06-02 01:34:40-03:00,False
06/06/2024,IFRS-Erechim,RS,5966460,Host infectado com malware,200.17.173.1,Código Malicioso,13,Malware/Outros,60,0,,2024-06-06 01:40:42-03:00,False
06/06/2024,PoP-RS,RS,5966563,Hosts com o serviço NTP vulneráveis que podem ser utilizados em ataques DDoS,200.19.251.254,Vulnerabilidades/Tecnologia ou versão obsoleta,22,Amplificação/NTP,111,0,,2024-06-06 23:59:49-03:00,True
06/06/2024,Interno PoP-RS,RS,5966566,Hosts com o serviço NTP vulneráveis que podem ser utilizados em ataques DDoS,200.19.240.194,Vulnerabilidades/Tecnologia ou versão obsoleta,22,Amplificação/NTP,111,0,,2024-06-06 23:59:49-03:00,True
07/06/2024,PoP-RS,RS,5966604,Hosts com o serviço TFTP vulneráveis que podem ser utilizados em ataques DDoS,200.19.251.10,Vulnerabilidades/Tecnologia ou versão obsoleta,22,Amplificação/TFTP,112,0,,2024-06-07 00:40:49-03:00,True
12/06/2024,PoP-RS,RS,5967372,Hosts com o serviço SSDP vulneráveis que podem ser utilizados em ataques DDoS,200.19.251.10,Vulnerabilidades/Configuração Incorreta,21,Amplificação/SSDP,89,0,,2024-06-12 00:23:49-03:00,True
12/06/2024,Irmandade Santa Casa de Misericórdia,RS,5967452,Host infectado com malware,200.132.64.82,Código Malicioso,13,Malware/Outros,60,0,,2024-06-12 01:39:35-03:00,False
17/06/2024,Universidade Franciscana,RS,5968463,Host com serviço STUN vulnerável que pode ser utilizado em ataques DDoS,200.132.59.191,Vulnerabilidades/Configuração Incorreta,21,Amplificação/STUN,158,0,,2024-06-17 00:34:15-03:00,True
20/06/2024,Instituto Federal Sul-Rio-Grandense - Sapiranga,RS,5968919,Hosts com o serviço PortMapper vulneráveis que podem ser utilizados em ataques DDoS,200.19.247.20,Vulnerabilidades/Configuração Incorreta,21,Amplificação/Portmapper,85,0,,2024-06-19 23:59:19-03:00,True
20/06/2024,Instituto Federal Sul-Rio-Grandense - Sapiranga,RS,5968953,Hosts com o serviço TFTP vulneráveis que podem ser utilizados em ataques DDoS,200.19.247.20,Vulnerabilidades/Tecnologia ou versão obsoleta,22,Amplificação/TFTP,112,0,,2024-06-20 00:34:46-03:00,True
21/06/2024,Instituto Federal do Rio Grande do Sul - Farroupilha,RS,5969413,Host infectado com malware,200.132.7.10,Código Malicioso,13,Malware/Outros,60,0,,2024-06-21 02:49:53-03:00,False
27/06/2024,Centro de Preparação de Oficiais da Reserva,RS,5970246,Host com o serviço ElasticSearch vulnerável,200.132.25.93,Vulnerabilidades/Configuração Incorreta,21,Acesso Indevido-Vazamento/Elasticsearch,92,0,,2024-06-27 11:51:12-03:00,True
27/06/2024,Instituto Federal Farroupilha - Frederico Westphalen,RS,5970462,Host infectado com malware,168.228.253.179,Código Malicioso,13,Malware/Outros,60,0,,2024-06-26 01:39:03-03:00,False
28/06/2024,Fórum Internacional de Software Livre,RS,5970806,Hosts com o serviço PortMapper vulneráveis que podem ser utilizados em ataques DDoS,200.132.1.16,Vulnerabilidades/Configuração Incorreta,21,Amplificação/Portmapper,85,0,,2024-06-28 00:11:14-03:00,True
02/07/2024,Instituto Federal Sul-Rio-Grandense - Gravataí,RS,5971950,Host vulnerável executando o serviço Remote Desktop,200.19.1.13,Vulnerabilidades/Controle de Acesso,20,Uso indevido/RDP Acessível,73,0,,2024-07-02 16:11:50-03:00,True
02/07/2024,Instituto Federal Farroupilha - Santo Augusto,RS,5971968,Host vulnerável executando o serviço Remote Desktop,200.132.175.100,Vulnerabilidades/Controle de Acesso,20,Uso indevido/RDP Acessível,73,0,,2024-07-02 16:11:50-03:00,True
02/07/2024,Instituto Federal Farroupilha - Campus Avançado Uruguaiana,RS,5971976,Host vulnerável executando o serviço Remote Desktop,200.132.230.2,Vulnerabilidades/Controle de Acesso,20,Uso indevido/RDP Acessível,73,0,,2024-07-02 16:11:50-03:00,True
02/07/2024,Instituto Federal Farroupilha - Santo Augusto,RS,5971999,Host vulnerável executando o serviço Remote Desktop,200.132.175.89,Vulnerabilidades/Controle de Acesso,20,Uso indevido/RDP Acessível,73,0,,2024-07-02 16:11:50-03:00,True
02/07/2024,Instituto Federal Farroupilha - Santo Augusto,RS,5972012,Host vulnerável executando o serviço Remote Desktop,200.132.175.101,Vulnerabilidades/Controle de Acesso,20,Uso indevido/RDP Acessível,73,0,,2024-07-02 16:11:50-03:00,True
05/07/2024,Centro de Preparação de Oficiais da Reserva,RS,5972731,Host realizando atividade maliciosa,200.132.25.93,Intrusão,16,Comprometimento de Host,69,0,,2024-07-05 01:26:37-03:00,False
05/07/2024,Faculdades de Taquara,RS,5972876,Host vulnerável executando o serviço SSH,200.132.2.251,Vulnerabilidades/Configuração Incorreta,21,Uso indevido/SSH Acessível,156,0,,2024-07-05 15:28:14-03:00,True
06/07/2024,IFRS-Campus Rio Grande,RS,5973294,Host infectado com malware,200.132.10.215,Código Malicioso,13,Malware/Outros,60,0,,2024-07-06 01:31:19-03:00,False
07/07/2024,Interno PoP-RS,RS,5973369,Hosts com o serviço NTP vulneráveis que podem ser utilizados em ataques DDoS,200.19.240.194,Vulnerabilidades/Tecnologia ou versão obsoleta,22,Amplificação/NTP,111,0,,2024-07-07 00:07:27-03:00,True
07/07/2024,PoP-RS,RS,5973380,Hosts com o serviço NTP vulneráveis que podem ser utilizados em ataques DDoS,200.19.251.254,Vulnerabilidades/Tecnologia ou versão obsoleta,22,Amplificação/NTP,111,0,,2024-07-07 00:07:27-03:00,True
08/07/2024,PoP-RS,RS,5973507,Hosts com o serviço TFTP vulneráveis que podem ser utilizados em ataques DDoS,200.19.251.10,Vulnerabilidades/Tecnologia ou versão obsoleta,22,Amplificação/TFTP,112,0,,2024-07-08 00:31:13-03:00,True
18/07/2024,Universidade Franciscana,RS,5975458,Host com serviço STUN vulnerável que pode ser utilizado em ataques DDoS,200.132.59.191,Vulnerabilidades/Configuração Incorreta,21,Amplificação/STUN,158,0,,2024-07-18 00:34:52-03:00,True
19/07/2024,Escola Superior de Redes - RS,RS,5975625,Host com o serviço SMB vulnerável,200.17.80.7,Vulnerabilidades/Configuração Incorreta,21,Acesso Indevido-Vazamento/SMB,102,0,,2024-07-19 00:31:07-03:00,True
26/07/2024,Fórum Internacional de Software Livre,RS,5977209,Host identificado como origem de Spam,200.132.1.68,Conteudo Abusivo,12,Envio de Spam,32,0,,2024-07-25 22:30:10-03:00,False
27/07/2024,Centro de Preparação de Oficiais da Reserva,RS,5977382,Host com o serviço ElasticSearch vulnerável,200.132.25.93,Vulnerabilidades/Configuração Incorreta,21,Acesso Indevido-Vazamento/Elasticsearch,92,0,,2024-07-27 23:09:15-03:00,True
01/08/2024,Fórum Internacional de Software Livre,RS,5978293,Hosts com o serviço PortMapper vulneráveis que podem ser utilizados em ataques DDoS,200.132.1.16,Vulnerabilidades/Configuração Incorreta,21,Amplificação/Portmapper,85,0,,2024-08-01 23:55:08-03:00,True
06/08/2024,PoP-RS,RS,5979151,Hosts com o serviço NTP vulneráveis que podem ser utilizados em ataques DDoS,200.19.251.254,Vulnerabilidades/Tecnologia ou versão obsoleta,22,Amplificação/NTP,111,0,,2024-08-06 00:17:43-03:00,True
06/08/2024,Interno PoP-RS,RS,5979153,Hosts com o serviço NTP vulneráveis que podem ser utilizados em ataques DDoS,200.19.240.194,Vulnerabilidades/Tecnologia ou versão obsoleta,22,Amplificação/NTP,111,0,,2024-08-06 00:19:52-03:00,True
07/08/2024,PoP-RS,RS,5979352,Hosts com o serviço TFTP vulneráveis que podem ser utilizados em ataques DDoS,200.19.251.10,Vulnerabilidades/Tecnologia ou versão obsoleta,22,Amplificação/TFTP,112,0,,2024-08-07 00:34:01-03:00,True
10/08/2024,PoP-RS,RS,5979949,Host com o serviço SMB vulnerável,200.19.251.165,Vulnerabilidades/Configuração Incorreta,21,Acesso Indevido-Vazamento/SMB,102,0,,2024-08-10 00:14:32-03:00,True
10/08/2024,Centro de Preparação de Oficiais da Reserva,RS,5980071,Host realizando atividade maliciosa,200.132.25.93,Intrusão,16,Comprometimento de Host,69,0,,2024-08-10 02:41:32-03:00,False
10/08/2024,IFRS-Campus Rio Grande,RS,5980113,Host infectado com malware,200.132.10.215,Código Malicioso,13,Malware/Outros,60,0,,2024-08-10 02:48:34-03:00,False
11/08/2024,PoP-RS,RS,5980306,Hosts com o serviço SSDP vulneráveis que podem ser utilizados em ataques DDoS,200.19.251.10,Vulnerabilidades/Configuração Incorreta,21,Amplificação/SSDP,89,0,,2024-08-11 01:23:43-03:00,True
11/08/2024,PoP-RS,RS,5980392,Hosts com o serviço NTP vulneráveis que podem ser utilizados em ataques DDoS,2804::c010:0:0:1916:115,Vulnerabilidades/Tecnologia ou versão obsoleta,22,Amplificação/NTP,111,0,,2024-08-11 02:42:44-03:00,True
12/08/2024,Instituto Federal Farroupilha - Jaguari,RS,5980481,Host com o serviço SMB vulnerável,200.132.72.130,Vulnerabilidades/Configuração Incorreta,21,Acesso Indevido-Vazamento/SMB,102,0,,2024-08-12 00:20:32-03:00,True
12/08/2024,Instituto Federal Farroupilha - Frederico Westphalen,RS,5980588,Host infectado com malware,2804:0:64c0:300:85c9:97da:15a1:4229,Código Malicioso,13,Malware/Outros,60,0,,2024-07-06 01:35:17-03:00,False
12/08/2024,Instituto Federal Farroupilha - Frederico Westphalen,RS,5980593,Host infectado com malware,2804:0:64c0:300:90fd:f372:db3c:1196,Código Malicioso,13,Malware/Outros,60,0,,2024-07-02 01:44:45-03:00,False
12/08/2024,Instituto Federal Farroupilha - Frederico Westphalen,RS,5980594,Host infectado com malware,2804:0:64c0:300:882b:1fb7:ffb6:d520,Código Malicioso,13,Malware/Outros,60,0,,2024-06-28 01:55:13-03:00,False
13/08/2024,IFRS-Campus Rio Grande,RS,5980718,Host infectado com malware,200.132.10.190,Código Malicioso,13,Malware/Outros,60,0,,2024-08-13 03:08:05-03:00,False
13/08/2024,Interno PoP-RS,RS,5980804,Hosts com o serviço NTP vulneráveis que podem ser utilizados em ataques DDoS,200.132.1.115,Vulnerabilidades/Tecnologia ou versão obsoleta,22,Amplificação/NTP,111,0,,2024-08-13 23:57:14-03:00,True
14/08/2024,PoP-RS,RS,5980814,Host com o serviço SMB vulnerável,200.19.251.132,Vulnerabilidades/Configuração Incorreta,21,Acesso Indevido-Vazamento/SMB,102,0,,2024-08-14 00:13:13-03:00,True
17/08/2024,PoP-RS,RS,5981310,Hosts com o serviço NetBios vulneráveis que podem ser utilizados em ataques DDoS,200.19.251.132,Vulnerabilidades/Configuração Incorreta,21,Amplificação/NetBios,90,0,,2024-08-17 00:19:45-03:00,True
17/08/2024,Universidade Franciscana,RS,5981463,Host com serviço STUN vulnerável que pode ser utilizado em ataques DDoS,200.132.59.191,Vulnerabilidades/Configuração Incorreta,21,Amplificação/STUN,158,0,,2024-08-17 00:46:44-03:00,True
22/08/2024,PoP-RS,RS,5982358,Host com o serviço SMB vulnerável,200.19.251.88,Vulnerabilidades/Configuração Incorreta,21,Acesso Indevido-Vazamento/SMB,102,0,,2024-08-22 00:42:34-03:00,True
24/08/2024,PoP-RS,RS,5982681,Host com o serviço SMB vulnerável,200.19.251.144,Vulnerabilidades/Configuração Incorreta,21,Acesso Indevido-Vazamento/SMB,102,0,,2024-08-24 00:05:05-03:00,True
25/08/2024,PoP-RS,RS,5982869,Hosts com o serviço NetBios vulneráveis que podem ser utilizados em ataques DDoS,200.19.251.144,Vulnerabilidades/Configuração Incorreta,21,Amplificação/NetBios,90,0,,2024-08-25 00:20:07-03:00,True
29/08/2024,Instituto Federal Sul-Rio-Grandense - Sapucaia do Sul,RS,5984344,Hosts com o serviço PortMapper vulneráveis que podem ser utilizados em ataques DDoS,200.19.248.55,Vulnerabilidades/Configuração Incorreta,21,Amplificação/Portmapper,85,0,,2024-08-29 00:36:43-03:00,True
29/08/2024,Universidade Federal da Fronteira Sul -  Passo Fundo,RS,5984441,Host realizando atividade maliciosa,200.132.237.253,Intrusão,16,Comprometimento de Host,69,0,,2024-08-29 02:05:45-03:00,False
01/09/2024,Fórum Internacional de Software Livre,RS,5984960,Hosts com o serviço PortMapper vulneráveis que podem ser utilizados em ataques DDoS,200.132.1.16,Vulnerabilidades/Configuração Incorreta,21,Amplificação/Portmapper,85,0,,2024-09-01 02:04:17-03:00,True
03/09/2024,Centro de Preparação de Oficiais da Reserva,RS,5985204,Host com o serviço ElasticSearch vulnerável,200.132.25.93,Vulnerabilidades/Configuração Incorreta,21,Acesso Indevido-Vazamento/Elasticsearch,92,0,,2024-09-03 02:03:48-03:00,True
05/09/2024,Interno PoP-RS,RS,5985883,Hosts com o serviço NTP vulneráveis que podem ser utilizados em ataques DDoS,200.19.240.194,Vulnerabilidades/Tecnologia ou versão obsoleta,22,Amplificação/NTP,111,0,,2024-09-05 03:05:55-03:00,True
05/09/2024,PoP-RS,RS,5985888,Hosts com o serviço NTP vulneráveis que podem ser utilizados em ataques DDoS,200.19.251.254,Vulnerabilidades/Tecnologia ou versão obsoleta,22,Amplificação/NTP,111,0,,2024-09-05 03:05:55-03:00,True
11/09/2024,Instituto Federal Farroupilha - Jaguari,RS,5987316,Host com o serviço SMB vulnerável,200.132.72.130,Vulnerabilidades/Configuração Incorreta,21,Acesso Indevido-Vazamento/SMB,102,0,,2024-09-11 03:29:55-03:00,True
12/09/2024,PoP-RS,RS,5987490,Host com o serviço SMB vulnerável,200.19.251.134,Vulnerabilidades/Configuração Incorreta,21,Acesso Indevido-Vazamento/SMB,102,0,,2024-09-12 02:58:17-03:00,True
12/09/2024,IFRS-Campus Rio Grande,RS,5987578,Host infectado com malware,200.132.10.190,Código Malicioso,13,Malware/Outros,60,0,,2024-09-12 03:37:05-03:00,False
13/09/2024,PoP-RS,RS,5987842,Hosts com o serviço TFTP vulneráveis que podem ser utilizados em ataques DDoS,200.19.251.10,Vulnerabilidades/Tecnologia ou versão obsoleta,22,Amplificação/TFTP,112,0,,2024-09-13 03:00:14-03:00,True
14/09/2024,Centro de Preparação de Oficiais da Reserva,RS,5987940,Host realizando atividade maliciosa,200.132.25.93,Intrusão,16,Comprometimento de Host,69,0,,2024-09-14 00:48:22-03:00,False
15/09/2024,Interno PoP-RS,RS,5988333,Hosts com o serviço SNMP vulneráveis que podem ser utilizados em ataques DDoS,200.132.1.51,Vulnerabilidades/Configuração Incorreta,21,Amplificação/SNMP,88,0,,2024-09-15 03:13:34-03:00,True
15/09/2024,Fórum Internacional de Software Livre,RS,5988375,Host identificado como origem de Spam,200.132.1.13,Conteudo Abusivo,12,Envio de Spam,32,0,,2024-09-13 14:06:51-03:00,False
20/09/2024,Associação Riograndense de Empreendimentos de Assistência Técnica e Extensão Rural,RS,5989294,Host com o serviço de DNS Recursivo Aberto,200.132.21.3,Vulnerabilidades/Configuração Incorreta,21,Amplificação/DNS Recursivo,77,0,,2024-09-20 02:49:21-03:00,True
21/09/2024,Faculdades Porto-Alegrenses,RS,5989488,Host infectado com malware,200.132.67.7,Código Malicioso,13,Malware/Outros,60,0,,2024-09-21 01:22:40-03:00,False
23/09/2024,Universidade Franciscana,RS,5989958,Host com serviço STUN vulnerável que pode ser utilizado em ataques DDoS,200.132.59.191,Vulnerabilidades/Configuração Incorreta,21,Amplificação/STUN,158,0,,2024-09-23 02:57:50-03:00,True
25/09/2024,PoP-RS,RS,5990326,Host com o serviço SMB vulnerável,200.19.251.161,Vulnerabilidades/Configuração Incorreta,21,Acesso Indevido-Vazamento/SMB,102,0,,2024-09-25 02:36:58-03:00,True
29/09/2024,Irmandade Santa Casa de Misericórdia,RS,5990994,Host infectado com malware,200.132.64.84,Código Malicioso,13,Malware/Outros,60,0,,2024-09-29 00:48:49-03:00,False
01/10/2024,Universidade Regional do Noroeste do Estado do Rio Grande do Sul,RS,5991258,Host infectado com malware,200.17.86.102,Código Malicioso,13,Malware/Outros,60,0,,2024-10-01 01:33:08-03:00,False
01/10/2024,Fórum Internacional de Software Livre,RS,5991383,Hosts com o serviço PortMapper vulneráveis que podem ser utilizados em ataques DDoS,200.132.1.16,Vulnerabilidades/Configuração Incorreta,21,Amplificação/Portmapper,85,0,,2024-10-01 02:36:12-03:00,True
03/10/2024,Instituto Federal Sul-Rio-Grandense - Sapucaia do Sul,RS,5991903,Hosts com o serviço PortMapper vulneráveis que podem ser utilizados em ataques DDoS,200.19.248.55,Vulnerabilidades/Configuração Incorreta,21,Amplificação/Portmapper,85,0,,2024-10-03 02:22:29-03:00,True
03/10/2024,Universidade Franciscana,RS,5991911,Host com o serviço SMB vulnerável,200.132.59.110,Vulnerabilidades/Configuração Incorreta,21,Acesso Indevido-Vazamento/SMB,102,0,,2024-10-03 02:37:28-03:00,True
04/10/2024,IFRS-Campus Rio Grande,RS,5992054,Host infectado com malware,200.132.11.251,Código Malicioso,13,Malware/Outros,60,0,,2024-10-04 02:10:39-03:00,False
05/10/2024,Interno PoP-RS,RS,5992365,Hosts com o serviço NTP vulneráveis que podem ser utilizados em ataques DDoS,200.19.240.194,Vulnerabilidades/Tecnologia ou versão obsoleta,22,Amplificação/NTP,111,0,,2024-10-05 03:50:49-03:00,True
05/10/2024,PoP-RS,RS,5992370,Hosts com o serviço NTP vulneráveis que podem ser utilizados em ataques DDoS,200.19.251.254,Vulnerabilidades/Tecnologia ou versão obsoleta,22,Amplificação/NTP,111,0,,2024-10-05 03:50:49-03:00,True
10/10/2024,Centro de Preparação de Oficiais da Reserva,RS,5993176,Host com o serviço ElasticSearch vulnerável,200.132.25.93,Vulnerabilidades/Configuração Incorreta,21,Acesso Indevido-Vazamento/Elasticsearch,92,0,,2024-10-10 01:13:19-03:00,True
11/10/2024,Instituto Federal Farroupilha - Jaguari,RS,5993553,Host com o serviço SMB vulnerável,200.132.72.130,Vulnerabilidades/Configuração Incorreta,21,Acesso Indevido-Vazamento/SMB,102,0,,2024-10-11 04:52:27-03:00,True
13/10/2024,PoP-RS,RS,5994093,Hosts com o serviço TFTP vulneráveis que podem ser utilizados em ataques DDoS,200.19.251.10,Vulnerabilidades/Tecnologia ou versão obsoleta,22,Amplificação/TFTP,112,0,,2024-10-13 03:33:45-03:00,True
16/10/2024,Universidade Regional do Noroeste do Estado do Rio Grande do Sul,RS,5994419,Host infectado com malware,200.17.86.103,Código Malicioso,13,Malware/Outros,60,0,,2024-10-16 01:34:15-03:00,False
16/10/2024,Interno PoP-RS,RS,5994602,Hosts com o serviço SNMP vulneráveis que podem ser utilizados em ataques DDoS,200.132.1.51,Vulnerabilidades/Configuração Incorreta,21,Amplificação/SNMP,88,0,,2024-10-16 03:10:16-03:00,True
17/10/2024,Centro de Preparação de Oficiais da Reserva,RS,5994831,Host realizando atividade maliciosa,200.132.25.93,Intrusão,16,Comprometimento de Host,69,0,,2024-10-17 02:40:11-03:00,False
17/10/2024,IFRS-Campus Rio Grande,RS,5994841,Host infectado com malware,200.132.10.190,Código Malicioso,13,Malware/Outros,60,0,,2024-10-17 02:47:05-03:00,False
20/10/2024,Associação Riograndense de Empreendimentos de Assistência Técnica e Extensão Rural,RS,5995356,Host com o serviço de DNS Recursivo Aberto,200.132.21.3,Vulnerabilidades/Configuração Incorreta,21,Amplificação/DNS Recursivo,77,0,,2024-10-20 03:36:59-03:00,True
20/10/2024,PoP-RS,RS,5995392,Hosts com o serviço NetBios vulneráveis que podem ser utilizados em ataques DDoS,200.19.251.161,Vulnerabilidades/Configuração Incorreta,21,Amplificação/NetBios,90,0,,2024-10-20 04:18:00-03:00,True
22/10/2024,Faculdades Porto-Alegrenses,RS,5995673,Host infectado com malware,200.132.67.7,Código Malicioso,13,Malware/Outros,60,0,,2024-10-22 01:41:22-03:00,False
24/10/2024,Universidade Franciscana,RS,5996317,Host com serviço STUN vulnerável que pode ser utilizado em ataques DDoS,200.132.59.191,Vulnerabilidades/Configuração Incorreta,21,Amplificação/STUN,158,0,,2024-10-24 04:45:45-03:00,True
25/10/2024,Instituto Federal Sul-Rio-Grandense - Sapucaia do Sul,RS,5996455,Host com o serviço MYSQL vulnerável,200.19.248.54,Vulnerabilidades/Configuração Incorreta,21,Acesso Indevido-Vazamento/MS-SQL,100,0,,2024-10-25 02:55:55-03:00,True
25/10/2024,Instituto Federal Farroupilha - Jaguari,RS,5996460,Hosts com o serviço NetBios vulneráveis que podem ser utilizados em ataques DDoS,200.132.72.130,Vulnerabilidades/Configuração Incorreta,21,Amplificação/NetBios,90,0,,2024-10-25 02:58:56-03:00,True
31/10/2024,PoP-RS,RS,5997881,Host com o serviço SMB vulnerável,200.19.251.82,Vulnerabilidades/Configuração Incorreta,21,Acesso Indevido-Vazamento/SMB,102,0,,2024-10-31 03:16:03-03:00,True
01/11/2024,Fórum Internacional de Software Livre,RS,5998226,Hosts com o serviço PortMapper vulneráveis que podem ser utilizados em ataques DDoS,200.132.1.16,Vulnerabilidades/Configuração Incorreta,21,Amplificação/Portmapper,85,0,,2024-11-01 03:57:15-03:00,True
02/11/2024,PoP-RS,RS,5998448,Hosts com o serviço SSDP vulneráveis que podem ser utilizados em ataques DDoS,200.19.251.10,Vulnerabilidades/Configuração Incorreta,21,Amplificação/SSDP,89,0,,2024-11-02 02:43:25-03:00,True
03/11/2024,Universidade Franciscana,RS,5998711,Host com o serviço SMB vulnerável,200.132.59.110,Vulnerabilidades/Configuração Incorreta,21,Acesso Indevido-Vazamento/SMB,102,0,,2024-11-03 04:30:36-03:00,True
04/11/2024,PoP-RS,RS,5998864,Hosts com o serviço NTP vulneráveis que podem ser utilizados em ataques DDoS,200.19.251.254,Vulnerabilidades/Tecnologia ou versão obsoleta,22,Amplificação/NTP,111,0,,2024-11-04 04:22:47-03:00,True
04/11/2024,Interno PoP-RS,RS,5998870,Hosts com o serviço NTP vulneráveis que podem ser utilizados em ataques DDoS,200.19.240.194,Vulnerabilidades/Tecnologia ou versão obsoleta,22,Amplificação/NTP,111,0,,2024-11-04 04:22:47-03:00,True
06/11/2024,Centro de Preparação de Oficiais da Reserva,RS,5999259,Host com o serviço MYSQL vulnerável,200.132.25.93,Vulnerabilidades/Configuração Incorreta,21,Acesso Indevido-Vazamento/MS-SQL,100,0,,2024-11-06 03:48:06-03:00,True
08/11/2024,PoP-RS,RS,5999618,Host com o serviço SMB vulnerável,200.19.251.84,Vulnerabilidades/Configuração Incorreta,21,Acesso Indevido-Vazamento/SMB,102,0,,2024-11-08 03:51:28-03:00,True
09/11/2024,PoP-RS,RS,5999748,Hosts com o serviço NetBios vulneráveis que podem ser utilizados em ataques DDoS,200.19.251.84,Vulnerabilidades/Configuração Incorreta,21,Amplificação/NetBios,90,0,,2024-11-09 02:48:38-03:00,True
11/11/2024,Instituto Federal Farroupilha - Jaguari,RS,6000237,Host com o serviço SMB vulnerável,200.132.72.130,Vulnerabilidades/Configuração Incorreta,21,Acesso Indevido-Vazamento/SMB,102,0,,2024-11-11 04:01:00-03:00,True
20/11/2024,Associação Riograndense de Empreendimentos de Assistência Técnica e Extensão Rural,RS,6001668,Host com o serviço de DNS Recursivo Aberto,200.132.21.3,Vulnerabilidades/Configuração Incorreta,21,Amplificação/DNS Recursivo,77,0,,2024-11-20 03:15:08-03:00,True
20/11/2024,PoP-RS,RS,6001801,Hosts com o serviço TFTP vulneráveis que podem ser utilizados em ataques DDoS,200.19.251.10,Vulnerabilidades/Tecnologia ou versão obsoleta,22,Amplificação/TFTP,112,0,,2024-11-20 04:16:36-03:00,True
22/11/2024,IFRS - Sertão,RS,6001987,Tentativas de acesso não autorizadas a sistemas por força bruta,200.17.172.11,Tentativa de intrusão,15,Tentativa de Login/SSH,54,0,,2024-11-22 00:58:48-03:00,False
23/11/2024,PoP-RS,RS,6002315,Hosts com o serviço NetBios vulneráveis que podem ser utilizados em ataques DDoS,200.19.251.44,Vulnerabilidades/Configuração Incorreta,21,Amplificação/NetBios,90,0,,2024-11-23 02:59:10-03:00,True
23/11/2024,PoP-RS,RS,6002338,Host com o serviço SMB vulnerável,200.19.251.44,Vulnerabilidades/Configuração Incorreta,21,Acesso Indevido-Vazamento/SMB,102,0,,2024-11-23 03:19:09-03:00,True
24/11/2024,Universidade Franciscana,RS,6002680,Host com serviço STUN vulnerável que pode ser utilizado em ataques DDoS,200.132.59.191,Vulnerabilidades/Configuração Incorreta,21,Amplificação/STUN,158,0,,2024-11-24 04:47:20-03:00,True
26/11/2024,Universidade Federal do Rio Grande do Sul,RS,6002920,Host com serviço STUN vulnerável que pode ser utilizado em ataques DDoS,143.54.99.111,Vulnerabilidades/Configuração Incorreta,21,Amplificação/STUN,158,0,,2024-11-26 02:42:09-03:00,True
26/11/2024,IFRS-Campus Rio Grande,RS,6003026,Host infectado com malware,200.132.11.251,Código Malicioso,13,Malware/Outros,60,0,,2024-11-26 03:54:41-03:00,False
27/11/2024,PoP-RS,RS,6003207,Host com o serviço SMB vulnerável,200.19.251.176,Vulnerabilidades/Configuração Incorreta,21,Acesso Indevido-Vazamento/SMB,102,0,,2024-11-27 04:01:42-03:00,True
28/11/2024,PoP-RS,RS,6003352,Host com o serviço SMB vulnerável,200.19.251.194,Vulnerabilidades/Configuração Incorreta,21,Acesso Indevido-Vazamento/SMB,102,0,,2024-11-28 02:24:00-03:00,True
30/11/2024,PoP-RS,RS,6003668,Hosts com o serviço NTP vulneráveis que podem ser utilizados em ataques DDoS,2804::a249,Vulnerabilidades/Tecnologia ou versão obsoleta,22,Amplificação/NTP,111,0,,2024-11-30 01:10:42-03:00,True
30/11/2024,PoP-RS,RS,6003669,Hosts com o serviço NTP vulneráveis que podem ser utilizados em ataques DDoS,2804::e120,Vulnerabilidades/Tecnologia ou versão obsoleta,22,Amplificação/NTP,111,0,,2024-11-30 01:12:24-03:00,True
30/11/2024,PoP-RS,RS,6003670,Hosts com o serviço NTP vulneráveis que podem ser utilizados em ataques DDoS,2804::e019,Vulnerabilidades/Tecnologia ou versão obsoleta,22,Amplificação/NTP,111,0,,2024-11-30 01:12:24-03:00,True
30/11/2024,PoP-RS,RS,6003671,Hosts com o serviço NTP vulneráveis que podem ser utilizados em ataques DDoS,2804::e150,Vulnerabilidades/Tecnologia ou versão obsoleta,22,Amplificação/NTP,111,0,,2024-11-30 01:12:24-03:00,True
30/11/2024,PoP-RS,RS,6003672,Hosts com o serviço NTP vulneráveis que podem ser utilizados em ataques DDoS,2804::e104,Vulnerabilidades/Tecnologia ou versão obsoleta,22,Amplificação/NTP,111,0,,2024-11-30 01:12:24-03:00,True
30/11/2024,PoP-RS,RS,6003673,Hosts com o serviço NTP vulneráveis que podem ser utilizados em ataques DDoS,2804::e144,Vulnerabilidades/Tecnologia ou versão obsoleta,22,Amplificação/NTP,111,0,,2024-11-30 01:12:24-03:00,True
30/11/2024,PoP-RS,RS,6003674,Hosts com o serviço NTP vulneráveis que podem ser utilizados em ataques DDoS,2804::a248,Vulnerabilidades/Tecnologia ou versão obsoleta,22,Amplificação/NTP,111,0,,2024-11-30 01:12:24-03:00,True
30/11/2024,PoP-RS,RS,6003675,Hosts com o serviço NTP vulneráveis que podem ser utilizados em ataques DDoS,2804::a250,Vulnerabilidades/Tecnologia ou versão obsoleta,22,Amplificação/NTP,111,0,,2024-11-30 01:12:24-03:00,True
30/11/2024,PoP-RS,RS,6003676,Hosts com o serviço NTP vulneráveis que podem ser utilizados em ataques DDoS,2804::e142,Vulnerabilidades/Tecnologia ou versão obsoleta,22,Amplificação/NTP,111,0,,2024-11-30 01:12:24-03:00,True
30/11/2024,PoP-RS,RS,6003677,Hosts com o serviço NTP vulneráveis que podem ser utilizados em ataques DDoS,2804::e152,Vulnerabilidades/Tecnologia ou versão obsoleta,22,Amplificação/NTP,111,0,,2024-11-30 01:12:24-03:00,True
30/11/2024,PoP-RS,RS,6003678,Hosts com o serviço NTP vulneráveis que podem ser utilizados em ataques DDoS,2804::e167,Vulnerabilidades/Tecnologia ou versão obsoleta,22,Amplificação/NTP,111,0,,2024-11-30 01:12:24-03:00,True
30/11/2024,PoP-RS,RS,6003679,Hosts com o serviço NTP vulneráveis que podem ser utilizados em ataques DDoS,2804::e017,Vulnerabilidades/Tecnologia ou versão obsoleta,22,Amplificação/NTP,111,0,,2024-11-30 01:12:24-03:00,True
30/11/2024,PoP-RS,RS,6003680,Hosts com o serviço NTP vulneráveis que podem ser utilizados em ataques DDoS,2804::e021,Vulnerabilidades/Tecnologia ou versão obsoleta,22,Amplificação/NTP,111,0,,2024-11-30 01:12:24-03:00,True
30/11/2024,PoP-RS,RS,6003681,Hosts com o serviço NTP vulneráveis que podem ser utilizados em ataques DDoS,2804::e080,Vulnerabilidades/Tecnologia ou versão obsoleta,22,Amplificação/NTP,111,0,,2024-11-30 01:12:24-03:00,True
30/11/2024,PoP-RS,RS,6003683,Hosts com o serviço NTP vulneráveis que podem ser utilizados em ataques DDoS,2804::e154,Vulnerabilidades/Tecnologia ou versão obsoleta,22,Amplificação/NTP,111,0,,2024-11-30 01:12:24-03:00,True
30/11/2024,PoP-RS,RS,6003684,Hosts com o serviço NTP vulneráveis que podem ser utilizados em ataques DDoS,2804::e136,Vulnerabilidades/Tecnologia ou versão obsoleta,22,Amplificação/NTP,111,0,,2024-11-30 01:12:24-03:00,True
30/11/2024,PoP-RS,RS,6003685,Hosts com o serviço NTP vulneráveis que podem ser utilizados em ataques DDoS,2804::a251,Vulnerabilidades/Tecnologia ou versão obsoleta,22,Amplificação/NTP,111,0,,2024-11-30 01:12:24-03:00,True
30/11/2024,PoP-RS,RS,6003687,Hosts com o serviço NTP vulneráveis que podem ser utilizados em ataques DDoS,2804::e134,Vulnerabilidades/Tecnologia ou versão obsoleta,22,Amplificação/NTP,111,0,,2024-11-30 01:12:24-03:00,True
30/11/2024,PoP-RS,RS,6003688,Hosts com o serviço NTP vulneráveis que podem ser utilizados em ataques DDoS,2804::e114,Vulnerabilidades/Tecnologia ou versão obsoleta,22,Amplificação/NTP,111,0,,2024-11-30 01:12:24-03:00,True
30/11/2024,PoP-RS,RS,6003689,Hosts com o serviço NTP vulneráveis que podem ser utilizados em ataques DDoS,2804::e128,Vulnerabilidades/Tecnologia ou versão obsoleta,22,Amplificação/NTP,111,0,,2024-11-30 01:12:24-03:00,True
30/11/2024,PoP-RS,RS,6003690,Hosts com o serviço NTP vulneráveis que podem ser utilizados em ataques DDoS,2804::e023,Vulnerabilidades/Tecnologia ou versão obsoleta,22,Amplificação/NTP,111,0,,2024-11-30 01:12:24-03:00,True
30/11/2024,PoP-RS,RS,6003691,Hosts com o serviço NTP vulneráveis que podem ser utilizados em ataques DDoS,2804::e110,Vulnerabilidades/Tecnologia ou versão obsoleta,22,Amplificação/NTP,111,0,,2024-11-30 01:12:24-03:00,True
30/11/2024,Interno PoP-RS,RS,6003787,Hosts com o serviço PortMapper vulneráveis que podem ser utilizados em ataques DDoS,200.132.1.162,Vulnerabilidades/Configuração Incorreta,21,Amplificação/Portmapper,85,0,,2024-11-30 04:14:09-03:00,True
02/12/2024,Fórum Internacional de Software Livre,RS,6004087,Hosts com o serviço PortMapper vulneráveis que podem ser utilizados em ataques DDoS,200.132.1.16,Vulnerabilidades/Configuração Incorreta,21,Amplificação/Portmapper,85,0,,2024-12-02 04:54:46-03:00,True
04/12/2024,Instituto Federal Sul-Rio-Grandense - Sapucaia do Sul,RS,6004545,Host infectado com malware,200.19.248.30,Código Malicioso,13,Malware/Outros,60,0,,2024-12-04 03:40:08-03:00,False
05/12/2024,PoP-RS,RS,6004643,Hosts com o serviço NTP vulneráveis que podem ser utilizados em ataques DDoS,200.19.251.254,Vulnerabilidades/Tecnologia ou versão obsoleta,22,Amplificação/NTP,111,0,,2024-12-05 02:34:19-03:00,True
05/12/2024,Interno PoP-RS,RS,6004647,Hosts com o serviço NTP vulneráveis que podem ser utilizados em ataques DDoS,200.19.240.194,Vulnerabilidades/Tecnologia ou versão obsoleta,22,Amplificação/NTP,111,0,,2024-12-05 02:34:19-03:00,True
06/12/2024,Instituto Federal Farroupilha - Santo Augusto,RS,6004871,Hosts com o serviço SNMP vulneráveis que podem ser utilizados em ataques DDoS,200.132.175.110,Vulnerabilidades/Configuração Incorreta,21,Amplificação/SNMP,88,0,,2024-12-06 03:30:28-03:00,True
06/12/2024,Universidade Federal do Rio Grande do Sul,RS,6004903,Host infectado com malware,143.54.205.69,Código Malicioso,13,Malware/Outros,60,0,,2024-12-06 07:47:32-03:00,False
07/12/2024,Centro de Preparação de Oficiais da Reserva,RS,6004968,Host com o serviço MYSQL vulnerável,200.132.25.93,Vulnerabilidades/Configuração Incorreta,21,Acesso Indevido-Vazamento/MS-SQL,100,0,,2024-12-07 02:52:12-03:00,True
07/12/2024,PoP-RS,RS,6004995,Hosts com o serviço SSDP vulneráveis que podem ser utilizados em ataques DDoS,200.19.251.10,Vulnerabilidades/Configuração Incorreta,21,Amplificação/SSDP,89,0,,2024-12-07 03:19:08-03:00,True
12/12/2024,Instituto Federal Sul-Rio-Grandense - Sapucaia do Sul,RS,6005941,Hosts com o serviço NetBios vulneráveis que podem ser utilizados em ataques DDoS,200.19.248.101,Vulnerabilidades/Configuração Incorreta,21,Amplificação/NetBios,90,0,,2024-12-12 04:20:38-03:00,True
12/12/2024,Instituto Federal Farroupilha - Jaguari,RS,6006009,Host com o serviço SMB vulnerável,200.132.72.130,Vulnerabilidades/Configuração Incorreta,21,Acesso Indevido-Vazamento/SMB,102,0,,2024-12-12 04:40:37-03:00,True
13/12/2024,PoP-RS,RS,6006177,Hosts com o serviço NetBios vulneráveis que podem ser utilizados em ataques DDoS,200.19.251.194,Vulnerabilidades/Configuração Incorreta,21,Amplificação/NetBios,90,0,,2024-12-13 12:49:53-03:00,True
15/12/2024,Universidade Federal do Rio Grande do Sul,RS,6006364,Host vulnerável com produto Microsoft Exchange Server,143.54.1.91,Vulnerabilidades/Controle de Acesso,20,Acesso Indevido-Vazamento/Microsoft Exchange,135,0,,2024-12-15 03:15:01-03:00,True
20/12/2024,Associação Riograndense de Empreendimentos de Assistência Técnica e Extensão Rural,RS,6007252,Host com o serviço de DNS Recursivo Aberto,200.132.21.3,Vulnerabilidades/Configuração Incorreta,21,Amplificação/DNS Recursivo,77,0,,2024-12-20 05:22:04-03:00,True
20/12/2024,Irmandade Santa Casa de Misericórdia,RS,6007403,Host infectado com malware,200.132.64.82,Código Malicioso,13,Malware/Outros,60,0,,2024-12-20 06:46:05-03:00,False
21/12/2024,PoP-RS,RS,6007585,Hosts com o serviço TFTP vulneráveis que podem ser utilizados em ataques DDoS,200.19.251.10,Vulnerabilidades/Tecnologia ou versão obsoleta,22,Amplificação/TFTP,112,0,,2024-12-21 23:19:46-03:00,True
26/12/2024,Universidade Franciscana,RS,6008249,Host com serviço STUN vulnerável que pode ser utilizado em ataques DDoS,200.132.59.191,Vulnerabilidades/Configuração Incorreta,21,Amplificação/STUN,158,0,,2024-12-26 05:31:06-03:00,True
28/12/2024,Universidade Federal do Rio Grande do Sul,RS,6008553,Host com serviço STUN vulnerável que pode ser utilizado em ataques DDoS,143.54.99.111,Vulnerabilidades/Configuração Incorreta,21,Amplificação/STUN,158,0,,2024-12-28 04:53:28-03:00,True
31/12/2024,PoP-RS,RS,6008788,Hosts com o serviço NTP vulneráveis que podem ser utilizados em ataques DDoS,2804::e017,Vulnerabilidades/Tecnologia ou versão obsoleta,22,Amplificação/NTP,111,0,,2024-12-31 00:37:40-03:00,True
31/12/2024,PoP-RS,RS,6008790,Hosts com o serviço NTP vulneráveis que podem ser utilizados em ataques DDoS,2804::e134,Vulnerabilidades/Tecnologia ou versão obsoleta,22,Amplificação/NTP,111,0,,2024-12-31 00:40:00-03:00,True
31/12/2024,PoP-RS,RS,6008791,Hosts com o serviço NTP vulneráveis que podem ser utilizados em ataques DDoS,2804::e104,Vulnerabilidades/Tecnologia ou versão obsoleta,22,Amplificação/NTP,111,0,,2024-12-31 00:40:00-03:00,True
31/12/2024,PoP-RS,RS,6008792,Hosts com o serviço NTP vulneráveis que podem ser utilizados em ataques DDoS,2804::e021,Vulnerabilidades/Tecnologia ou versão obsoleta,22,Amplificação/NTP,111,0,,2024-12-31 00:40:00-03:00,True
31/12/2024,PoP-RS,RS,6008793,Hosts com o serviço NTP vulneráveis que podem ser utilizados em ataques DDoS,2804::e120,Vulnerabilidades/Tecnologia ou versão obsoleta,22,Amplificação/NTP,111,0,,2024-12-31 00:40:00-03:00,True
31/12/2024,PoP-RS,RS,6008794,Hosts com o serviço NTP vulneráveis que podem ser utilizados em ataques DDoS,2804::e080,Vulnerabilidades/Tecnologia ou versão obsoleta,22,Amplificação/NTP,111,0,,2024-12-31 00:40:00-03:00,True
31/12/2024,PoP-RS,RS,6008795,Hosts com o serviço NTP vulneráveis que podem ser utilizados em ataques DDoS,2804::a250,Vulnerabilidades/Tecnologia ou versão obsoleta,22,Amplificação/NTP,111,0,,2024-12-31 00:40:00-03:00,True
31/12/2024,PoP-RS,RS,6008796,Hosts com o serviço NTP vulneráveis que podem ser utilizados em ataques DDoS,2804::e144,Vulnerabilidades/Tecnologia ou versão obsoleta,22,Amplificação/NTP,111,0,,2024-12-31 00:40:00-03:00,True
31/12/2024,PoP-RS,RS,6008797,Hosts com o serviço NTP vulneráveis que podem ser utilizados em ataques DDoS,2804::e142,Vulnerabilidades/Tecnologia ou versão obsoleta,22,Amplificação/NTP,111,0,,2024-12-31 00:40:00-03:00,True
31/12/2024,PoP-RS,RS,6008798,Hosts com o serviço NTP vulneráveis que podem ser utilizados em ataques DDoS,2804::e167,Vulnerabilidades/Tecnologia ou versão obsoleta,22,Amplificação/NTP,111,0,,2024-12-31 00:40:00-03:00,True
31/12/2024,PoP-RS,RS,6008800,Hosts com o serviço NTP vulneráveis que podem ser utilizados em ataques DDoS,2804::e128,Vulnerabilidades/Tecnologia ou versão obsoleta,22,Amplificação/NTP,111,0,,2024-12-31 00:40:00-03:00,True
31/12/2024,PoP-RS,RS,6008803,Hosts com o serviço NTP vulneráveis que podem ser utilizados em ataques DDoS,2804::e136,Vulnerabilidades/Tecnologia ou versão obsoleta,22,Amplificação/NTP,111,0,,2024-12-31 00:40:00-03:00,True
31/12/2024,PoP-RS,RS,6008804,Hosts com o serviço NTP vulneráveis que podem ser utilizados em ataques DDoS,2804::e023,Vulnerabilidades/Tecnologia ou versão obsoleta,22,Amplificação/NTP,111,0,,2024-12-31 00:40:00-03:00,True
31/12/2024,PoP-RS,RS,6008807,Hosts com o serviço NTP vulneráveis que podem ser utilizados em ataques DDoS,2804::e114,Vulnerabilidades/Tecnologia ou versão obsoleta,22,Amplificação/NTP,111,0,,2024-12-31 00:40:00-03:00,True
31/12/2024,PoP-RS,RS,6008809,Hosts com o serviço NTP vulneráveis que podem ser utilizados em ataques DDoS,2804::a248,Vulnerabilidades/Tecnologia ou versão obsoleta,22,Amplificação/NTP,111,0,,2024-12-31 00:40:00-03:00,True
31/12/2024,PoP-RS,RS,6008810,Hosts com o serviço NTP vulneráveis que podem ser utilizados em ataques DDoS,2804::e019,Vulnerabilidades/Tecnologia ou versão obsoleta,22,Amplificação/NTP,111,0,,2024-12-31 00:40:00-03:00,True
31/12/2024,PoP-RS,RS,6008811,Hosts com o serviço NTP vulneráveis que podem ser utilizados em ataques DDoS,2804::a251,Vulnerabilidades/Tecnologia ou versão obsoleta,22,Amplificação/NTP,111,0,,2024-12-31 00:40:00-03:00,True
31/12/2024,PoP-RS,RS,6008812,Hosts com o serviço NTP vulneráveis que podem ser utilizados em ataques DDoS,2804::e154,Vulnerabilidades/Tecnologia ou versão obsoleta,22,Amplificação/NTP,111,0,,2024-12-31 00:40:00-03:00,True
31/12/2024,PoP-RS,RS,6008813,Hosts com o serviço NTP vulneráveis que podem ser utilizados em ataques DDoS,2804::a249,Vulnerabilidades/Tecnologia ou versão obsoleta,22,Amplificação/NTP,111,0,,2024-12-31 00:40:00-03:00,True
31/12/2024,PoP-RS,RS,6008814,Hosts com o serviço NTP vulneráveis que podem ser utilizados em ataques DDoS,2804::e152,Vulnerabilidades/Tecnologia ou versão obsoleta,22,Amplificação/NTP,111,0,,2024-12-31 00:40:00-03:00,True
31/12/2024,PoP-RS,RS,6008815,Hosts com o serviço NTP vulneráveis que podem ser utilizados em ataques DDoS,2804::e150,Vulnerabilidades/Tecnologia ou versão obsoleta,22,Amplificação/NTP,111,0,,2024-12-31 00:40:00-03:00,True
02/01/2025,Fórum Internacional de Software Livre,RS,6009179,Hosts com o serviço PortMapper vulneráveis que podem ser utilizados em ataques DDoS,200.132.1.16,Vulnerabilidades/Configuração Incorreta,21,Amplificação/Portmapper,85,0,,2025-01-02 05:31:23-03:00,True
03/01/2025,Fórum Internacional de Software Livre,RS,6009384,Host identificado como origem de Spam,200.132.1.68,Conteudo Abusivo,12,Envio de Spam,32,0,,2025-01-02 17:22:20-03:00,False
04/01/2025,PoP-RS,RS,6009396,Hosts com o serviço NTP vulneráveis que podem ser utilizados em ataques DDoS,2804::e110,Vulnerabilidades/Tecnologia ou versão obsoleta,22,Amplificação/NTP,111,0,,2025-01-04 00:35:43-03:00,True
04/01/2025,Interno PoP-RS,RS,6009476,Hosts com o serviço NTP vulneráveis que podem ser utilizados em ataques DDoS,200.19.240.194,Vulnerabilidades/Tecnologia ou versão obsoleta,22,Amplificação/NTP,111,0,,2025-01-04 05:01:45-03:00,True
04/01/2025,PoP-RS,RS,6009484,Hosts com o serviço NTP vulneráveis que podem ser utilizados em ataques DDoS,200.19.251.254,Vulnerabilidades/Tecnologia ou versão obsoleta,22,Amplificação/NTP,111,0,,2025-01-04 05:01:45-03:00,True
06/01/2025,UFSM - Campus Frederico Westphalen,RS,6009747,Host com o serviço MYSQL vulnerável,200.132.38.218,Vulnerabilidades/Configuração Incorreta,21,Acesso Indevido-Vazamento/MS-SQL,100,0,,2025-01-06 05:07:04-03:00,True
06/01/2025,Centro de Preparação de Oficiais da Reserva,RS,6009749,Host com o serviço MYSQL vulnerável,200.132.25.93,Vulnerabilidades/Configuração Incorreta,21,Acesso Indevido-Vazamento/MS-SQL,100,0,,2025-01-06 05:07:04-03:00,True
06/01/2025,Instituto Federal Farroupilha - Santo Augusto,RS,6009802,Hosts com o serviço SNMP vulneráveis que podem ser utilizados em ataques DDoS,200.132.175.110,Vulnerabilidades/Configuração Incorreta,21,Amplificação/SNMP,88,0,,2025-01-06 05:35:06-03:00,True
09/01/2025,PoP-RS,RS,6010225,Hosts com o serviço SSDP vulneráveis que podem ser utilizados em ataques DDoS,200.19.251.10,Vulnerabilidades/Configuração Incorreta,21,Amplificação/SSDP,89,0,,2025-01-09 04:57:03-03:00,True
es DDoS,2001:12f0:b00:65::5d,Vulnerabilidades/Tecnologia ou versão obsoleta,22,Amplificação/NTP,111,0,,2024-08-30 02:25:54-03:00,True
30/08/2024,Universidade de Brasilia,DF,5984636,Host infectado com malware,164.41.132.250,Código Malicioso,13,Malware/Outros,60,0,,2024-08-30 04:09:00-03:00,False
31/08/2024,Parque Tecnológico de Brasilia,DF,5984819,Hosts com o serviço NTP vulneráveis que podem ser utilizados em ataques DDoS,200.17.5.65,Vulnerabilidades/Tecnologia ou versão obsoleta,22,Amplificação/NTP,111,0,,2024-08-31 04:21:04-03:00,True
31/08/2024,Eventos,DF,5984829,Host com o serviço SMB vulnerável,200.130.254.62,Vulnerabilidades/Configuração Incorreta,21,Acesso Indevido-Vazamento/SMB,102,0,,2024-08-31 04:40:07-03:00,True
31/08/2024,Eventos,DF,5984831,Host com o serviço SMB vulnerável,200.130.254.59,Vulnerabilidades/Configuração Incorreta,21,Acesso Indevido-Vazamento/SMB,102,0,,2024-08-31 04:40:07-03:00,True
31/08/2024,Eventos,DF,5984833,Host com o serviço SMB vulnerável,200.130.254.21,Vulnerabilidades/Configuração Incorreta,21,Acesso Indevido-Vazamento/SMB,102,0,,2024-08-31 04:40:07-03:00,True
31/08/2024,Eventos,DF,5984834,Host com o serviço SMB vulnerável,200.130.254.39,Vulnerabilidades/Configuração Incorreta,21,Acesso Indevido-Vazamento/SMB,102,0,,2024-08-31 04:40:07-03:00,True
01/09/2024,Gerência de Tecnologia da Informação,DF,5984899,Host com o serviço ElasticSearch vulnerável,200.133.56.146,Vulnerabilidades/Configuração Incorreta,21,Acesso Indevido-Vazamento/Elasticsearch,92,0,,2024-09-01 01:29:55-03:00,True
01/09/2024,Parque Tecnológico de Brasilia,DF,5984912,Hosts com o serviço mDNS vulneráveis que podem ser utilizados em ataques DDoS,200.17.5.68,Vulnerabilidades/Configuração Incorreta,21,Amplificação/mDNS,84,0,,2024-09-01 01:47:22-03:00,True
01/09/2024,Instituto Brasileiro de Informação em Ciencia e Tecnologia - DF,DF,5984913,Hosts com o serviço mDNS vulneráveis que podem ser utilizados em ataques DDoS,200.130.45.16,Vulnerabilidades/Configuração Incorreta,21,Amplificação/mDNS,84,0,,2024-09-01 01:48:12-03:00,True
01/09/2024,Parque Tecnológico de Brasilia,DF,5985019,Host com o serviço SMB vulnerável,200.17.5.68,Vulnerabilidades/Configuração Incorreta,21,Acesso Indevido-Vazamento/SMB,102,0,,2024-09-01 02:16:12-03:00,True
01/09/2024,Parque Tecnológico de Brasilia,DF,5985035,Hosts com o serviço SNMP vulneráveis que podem ser utilizados em ataques DDoS,200.17.5.68,Vulnerabilidades/Configuração Incorreta,21,Amplificação/SNMP,88,0,,2024-09-01 02:17:13-03:00,True
03/09/2024,Universidade de Brasilia,DF,5985343,Host infectado com malware,164.41.98.226,Código Malicioso,13,Malware/Outros,60,0,,2024-09-03 03:15:34-03:00,False
05/09/2024,PoP-DF,DF,5985726,Hosts com o serviço NTP vulneráveis que podem ser utilizados em ataques DDoS,2001:12f0:b00:65::d1,Vulnerabilidades/Tecnologia ou versão obsoleta,22,Amplificação/NTP,111,0,,2024-09-05 01:18:54-03:00,True
05/09/2024,Universidade de Brasilia,DF,5985839,Host infectado com malware,164.41.81.85,Código Malicioso,13,Malware/Outros,60,0,,2024-09-05 02:01:54-03:00,False
07/09/2024,Parque Tecnológico de Brasilia,DF,5986267,Host realizando atividade maliciosa,200.17.5.100,Intrusão,16,Comprometimento de Host,69,0,,2024-09-07 01:40:12-03:00,False
08/09/2024,Gerência de Tecnologia da Informação,DF,5986458,Host vulnerável com o serviço Telnet público,2001:12f0:3d:65::1,Tentativa de intrusão,15,Tentativa de Login/Telnet,149,0,,2024-09-08 01:17:24-03:00,True
08/09/2024,PoP-DF,DF,5986466,Host vulnerável com o serviço Telnet público,2001:12f0:b00:65::4e,Tentativa de intrusão,15,Tentativa de Login/Telnet,149,0,,2024-09-08 01:17:24-03:00,True
08/09/2024,PoP-DF,DF,5986468,Host vulnerável com o serviço Telnet público,2001:12f0:b00:65::62,Tentativa de intrusão,15,Tentativa de Login/Telnet,149,0,,2024-09-08 01:17:24-03:00,True
08/09/2024,Empresa Brasil de Comunicação - DF,DF,5986638,Host com o serviço Redis vulnerável,200.17.0.68,Vulnerabilidades/Configuração Incorreta,21,Acesso Indevido-Vazamento/Redis,95,0,,2024-09-08 02:33:04-03:00,True
09/09/2024,Empresa Brasil de Comunicação - DF,DF,5986789,Host vulnerável com o serviço AMQP público,200.17.0.68,Vulnerabilidades/Configuração Incorreta,21,Amplificação/AMQP,150,0,,2024-09-09 01:12:23-03:00,True
11/09/2024,PoP-DF,DF,5987140,Hosts com o serviço NTP vulneráveis que podem ser utilizados em ataques DDoS,2001:12f0:b00:65::4d,Vulnerabilidades/Tecnologia ou versão obsoleta,22,Amplificação/NTP,111,0,,2024-09-11 00:10:17-03:00,True
11/09/2024,Universidade de Brasilia,DF,5987203,Host infectado com malware,164.41.237.119,Código Malicioso,13,Malware/Outros,60,0,,2024-09-11 01:00:54-03:00,False
12/09/2024,PoP-DF,DF,5987418,Hosts com o serviço NTP vulneráveis que podem ser utilizados em ataques DDoS,2001:12f0:b00:104::7,Vulnerabilidades/Tecnologia ou versão obsoleta,22,Amplificação/NTP,111,0,,2024-09-12 01:02:04-03:00,True
13/09/2024,PoP-DF,DF,5987724,Hosts com o serviço NTP vulneráveis que podem ser utilizados em ataques DDoS,2001:12f0:b00:3::1916:1,Vulnerabilidades/Tecnologia ou versão obsoleta,22,Amplificação/NTP,111,0,,2024-09-13 01:18:14-03:00,True
14/09/2024,PoP-DF,DF,5987869,Hosts com o serviço NTP vulneráveis que podem ser utilizados em ataques DDoS,2001:12f0:b00:65::71,Vulnerabilidades/Tecnologia ou versão obsoleta,22,Amplificação/NTP,111,0,,2024-09-14 00:17:34-03:00,True
15/09/2024,PoP-DF,DF,5988039,Hosts com o serviço NTP vulneráveis que podem ser utilizados em ataques DDoS,2001:12f0:b00:65::20,Vulnerabilidades/Tecnologia ou versão obsoleta,22,Amplificação/NTP,111,0,,2024-09-15 01:06:33-03:00,True
15/09/2024,PoP-DF,DF,5988042,Hosts com o serviço NTP vulneráveis que podem ser utilizados em ataques DDoS,2001:12f0:b00:65::22,Vulnerabilidades/Tecnologia ou versão obsoleta,22,Amplificação/NTP,111,0,,2024-09-15 01:06:33-03:00,True
15/09/2024,Parque Tecnológico de Brasilia,DF,5988222,Hosts com o serviço NTP vulneráveis que podem ser utilizados em ataques DDoS,200.17.5.1,Vulnerabilidades/Tecnologia ou versão obsoleta,22,Amplificação/NTP,111,0,,2024-09-15 02:50:34-03:00,True
19/09/2024,Interno PoP-DF,DF,5989044,Hosts com o serviço PortMapper vulneráveis que podem ser utilizados em ataques DDoS,200.19.119.78,Vulnerabilidades/Configuração Incorreta,21,Amplificação/Portmapper,85,0,,2024-09-19 04:17:48-03:00,True
19/09/2024,Interno PoP-DF,DF,5989046,Hosts com o serviço PortMapper vulneráveis que podem ser utilizados em ataques DDoS,200.19.119.79,Vulnerabilidades/Configuração Incorreta,21,Amplificação/Portmapper,85,0,,2024-09-19 04:19:14-03:00,True
20/09/2024,PoP-DF,DF,5989181,Hosts com o serviço NTP vulneráveis que podem ser utilizados em ataques DDoS,2001:12f0:b00:65::81,Vulnerabilidades/Tecnologia ou versão obsoleta,22,Amplificação/NTP,111,0,,2024-09-20 00:32:21-03:00,True
22/09/2024,PoP-DF,DF,5989571,Hosts com o serviço NTP vulneráveis que podem ser utilizados em ataques DDoS,2001:12f0:b00:104::4,Vulnerabilidades/Tecnologia ou versão obsoleta,22,Amplificação/NTP,111,0,,2024-09-22 00:18:18-03:00,True
23/09/2024,Parque Tecnológico de Brasilia,DF,5989853,Hosts com o serviço NTP vulneráveis que podem ser utilizados em ataques DDoS,200.17.5.100,Vulnerabilidades/Tecnologia ou versão obsoleta,22,Amplificação/NTP,111,0,,2024-09-23 02:33:51-03:00,True
28/09/2024,Interno PoP-DF,DF,5990868,Host com o serviço MongoDB vulnerável,200.19.119.73,Vulnerabilidades/Configuração Incorreta,21,Acesso Indevido-Vazamento/MongoDB,93,0,,2024-09-28 02:18:15-03:00,True
01/10/2024,Universidade de Brasilia,DF,5991243,Host infectado com malware,164.41.132.250,Código Malicioso,13,Malware/Outros,60,0,,2024-10-01 01:31:49-03:00,False
01/10/2024,Gerência de Tecnologia da Informação,DF,5991272,Host com o serviço ElasticSearch vulnerável,200.133.56.146,Vulnerabilidades/Configuração Incorreta,21,Acesso Indevido-Vazamento/Elasticsearch,92,0,,2024-10-01 02:06:45-03:00,True
01/10/2024,Interno PoP-DF,DF,5991328,Hosts com o serviço NTP vulneráveis que podem ser utilizados em ataques DDoS,200.19.119.69,Vulnerabilidades/Tecnologia ou versão obsoleta,22,Amplificação/NTP,111,0,,2024-10-01 02:35:12-03:00,True
01/10/2024,Parque Tecnológico de Brasilia,DF,5991386,Hosts com o serviço NTP vulneráveis que podem ser utilizados em ataques DDoS,200.17.5.65,Vulnerabilidades/Tecnologia ou versão obsoleta,22,Amplificação/NTP,111,0,,2024-10-01 02:35:12-03:00,True
02/10/2024,Parque Tecnológico de Brasilia,DF,5991739,Host com o serviço SMB vulnerável,200.17.5.68,Vulnerabilidades/Configuração Incorreta,21,Acesso Indevido-Vazamento/SMB,102,0,,2024-10-02 03:41:18-03:00,True
03/10/2024,Universidade de Brasilia,DF,5991833,Host infectado com malware,164.41.4.26,Código Malicioso,13,Malware/Outros,60,0,,2024-10-03 01:05:28-03:00,False
03/10/2024,Empresa Brasil de Comunicação - DF,DF,5991919,Hosts com o serviço SNMP vulneráveis que podem ser utilizados em ataques DDoS,200.133.199.1,Vulnerabilidades/Configuração Incorreta,21,Amplificação/SNMP,88,0,,2024-10-03 02:39:29-03:00,True
03/10/2024,Interno PoP-DF,DF,5991932,Hosts com o serviço TFTP vulneráveis que podem ser utilizados em ataques DDoS,200.19.119.126,Vulnerabilidades/Tecnologia ou versão obsoleta,22,Amplificação/TFTP,112,0,,2024-10-03 02:47:38-03:00,True
09/10/2024,Embrapa Agroenergia,DF,5993004,Host com o serviço MYSQL vulnerável,200.202.167.44,Vulnerabilidades/Configuração Incorreta,21,Acesso Indevido-Vazamento/MS-SQL,100,0,,2024-10-09 02:34:26-03:00,True
09/10/2024,Instituto Brasileiro de Informação em Ciencia e Tecnologia - DF,DF,5993138,Host com versão do Zimbra vulnerável,200.130.0.8,Intrusão,16,Comprometimento de aplicação//Servidor Web,46,0,,2024-10-09 15:11:34-03:00,True
10/10/2024,Empresa Brasil de Comunicação - DF,DF,5993280,Hosts com o serviço SNMP vulneráveis que podem ser utilizados em ataques DDoS,200.17.0.117,Vulnerabilidades/Configuração Incorreta,21,Amplificação/SNMP,88,0,,2024-10-10 01:57:58-03:00,True
10/10/2024,Universidade de Brasilia,DF,5993345,Host infectado com malware,164.41.98.226,Código Malicioso,13,Malware/Outros,60,0,,2024-10-10 03:54:37-03:00,False
11/10/2024,PoP-DF,DF,5993400,Hosts com o serviço NTP vulneráveis que podem ser utilizados em ataques DDoS,2001:12f0:b00:65::4d,Vulnerabilidades/Tecnologia ou versão obsoleta,22,Amplificação/NTP,111,0,,2024-10-11 00:12:53-03:00,True
11/10/2024,Ministério da Educação,DF,5993440,Host infectado com malware,200.130.2.92,Código Malicioso,13,Malware/Outros,60,0,,2024-10-11 01:55:26-03:00,False
11/10/2024,Empresa Brasil de Comunicação - DF,DF,5993749,Host com o serviço CUPS vulnerável,200.17.0.68,Vulnerabilidades/Configuração Incorreta,21,Acesso Indevido-Vazamento/CUPS,165,0,,2024-10-02 18:16:23-03:00,True
12/10/2024,PoP-DF,DF,5993781,Hosts com o serviço NTP vulneráveis que podem ser utilizados em ataques DDoS,2001:12f0:b00:65::f1,Vulnerabilidades/Tecnologia ou versão obsoleta,22,Amplificação/NTP,111,0,,2024-10-12 00:18:15-03:00,True
13/10/2024,PoP-DF,DF,5993910,Hosts com o serviço NTP vulneráveis que podem ser utilizados em ataques DDoS,2001:12f0:b00:65::61,Vulnerabilidades/Tecnologia ou versão obsoleta,22,Amplificação/NTP,111,0,,2024-10-13 00:53:45-03:00,True
13/10/2024,PoP-DF,DF,5993916,Hosts com o serviço NTP vulneráveis que podem ser utilizados em ataques DDoS,2001:12f0:b00:6a::1,Vulnerabilidades/Tecnologia ou versão obsoleta,22,Amplificação/NTP,111,0,,2024-10-13 00:53:45-03:00,True
13/10/2024,PoP-DF,DF,5993922,Hosts com o serviço NTP vulneráveis que podem ser utilizados em ataques DDoS,2001:12f0:b00:65::dd,Vulnerabilidades/Tecnologia ou versão obsoleta,22,Amplificação/NTP,111,0,,2024-10-13 00:53:45-03:00,True
14/10/2024,PoP-DF,DF,5994112,Hosts com o serviço NTP vulneráveis que podem ser utilizados em ataques DDoS,2001:12f0:b00:65::f2,Vulnerabilidades/Tecnologia ou versão obsoleta,22,Amplificação/NTP,111,0,,2024-10-14 00:49:42-03:00,True
15/10/2024,PoP-DF,DF,5994204,Hosts com o serviço NTP vulneráveis que podem ser utilizados em ataques DDoS,2001:12f0:b00:65::d1,Vulnerabilidades/Tecnologia ou versão obsoleta,22,Amplificação/NTP,111,0,,2024-10-15 00:16:04-03:00,True
15/10/2024,PoP-DF,DF,5994215,Host vulnerável com o serviço Telnet público,2001:12f0:b00:65::4e,Tentativa de intrusão,15,Tentativa de Login/Telnet,149,0,,2024-10-15 00:34:03-03:00,True
16/10/2024,PoP-DF,DF,5994357,Hosts com o serviço NTP vulneráveis que podem ser utilizados em ataques DDoS,2001:12f0:b00:65::22,Vulnerabilidades/Tecnologia ou versão obsoleta,22,Amplificação/NTP,111,0,,2024-10-16 00:49:15-03:00,True
16/10/2024,PoP-DF,DF,5994361,Hosts com o serviço NTP vulneráveis que podem ser utilizados em ataques DDoS,2001:12f0:b00:65::20,Vulnerabilidades/Tecnologia ou versão obsoleta,22,Amplificação/NTP,111,0,,2024-10-16 00:49:15-03:00,True
16/10/2024,Parque Tecnológico de Brasilia,DF,5994492,Hosts com o serviço NTP vulneráveis que podem ser utilizados em ataques DDoS,200.17.5.1,Vulnerabilidades/Tecnologia ou versão obsoleta,22,Amplificação/NTP,111,0,,2024-10-16 02:46:15-03:00,True
17/10/2024,PoP-DF,DF,5994656,Hosts com o serviço NTP vulneráveis que podem ser utilizados em ataques DDoS,2001:12f0:b00:65::69,Vulnerabilidades/Tecnologia ou versão obsoleta,22,Amplificação/NTP,111,0,,2024-10-17 00:37:03-03:00,True
17/10/2024,Instituto Brasileiro de Informação em Ciencia e Tecnologia - DF,DF,5994784,Host com o serviço SMB vulnerável,200.130.45.16,Vulnerabilidades/Configuração Incorreta,21,Acesso Indevido-Vazamento/SMB,102,0,,2024-10-17 02:27:25-03:00,True
24/10/2024,PoP-DF,DF,5995940,Hosts com o serviço NTP vulneráveis que podem ser utilizados em ataques DDoS,2001:12f0:b00:65::e5,Vulnerabilidades/Tecnologia ou versão obsoleta,22,Amplificação/NTP,111,0,,2024-10-24 00:59:45-03:00,True
30/10/2024,Universidade de Brasilia,DF,5997631,Host infectado com malware,164.41.152.208,Código Malicioso,13,Malware/Outros,60,0,,2024-10-30 04:01:52-03:00,False
31/10/2024,PoP-DF,DF,5997740,Hosts com o serviço NTP vulneráveis que podem ser utilizados em ataques DDoS,2001:12f0:b00:65::71,Vulnerabilidades/Tecnologia ou versão obsoleta,22,Amplificação/NTP,111,0,,2024-10-31 00:14:50-03:00,True
31/10/2024,PoP-DF,DF,5997741,Hosts com o serviço NTP vulneráveis que podem ser utilizados em ataques DDoS,2001:12f0:b00:104::7,Vulnerabilidades/Tecnologia ou versão obsoleta,22,Amplificação/NTP,111,0,,2024-10-31 00:16:02-03:00,True
01/11/2024,Gerência de Tecnologia da Informação,DF,5998037,Host com o serviço ElasticSearch vulnerável,200.133.56.146,Vulnerabilidades/Configuração Incorreta,21,Acesso Indevido-Vazamento/Elasticsearch,92,0,,2024-11-01 03:19:13-03:00,True
01/11/2024,Parque Tecnológico de Brasilia,DF,5998169,Hosts com o serviço NTP vulneráveis que podem ser utilizados em ataques DDoS,200.17.5.65,Vulnerabilidades/Tecnologia ou versão obsoleta,22,Amplificação/NTP,111,0,,2024-11-01 03:54:15-03:00,True
01/11/2024,Interno PoP-DF,DF,5998173,Hosts com o serviço NTP vulneráveis que podem ser utilizados em ataques DDoS,200.19.119.69,Vulnerabilidades/Tecnologia ou versão obsoleta,22,Amplificação/NTP,111,0,,2024-11-01 03:54:15-03:00,True
03/11/2024,PoP-DF,DF,5998478,Hosts com o serviço NTP vulneráveis que podem ser utilizados em ataques DDoS,2001:12f0:b00:65::25,Vulnerabilidades/Tecnologia ou versão obsoleta,22,Amplificação/NTP,111,0,,2024-11-03 00:17:35-03:00,True
04/11/2024,Universidade de Brasilia,DF,5998811,Host infectado com malware,164.41.132.250,Código Malicioso,13,Malware/Outros,60,0,,2024-11-04 01:16:45-03:00,False
04/11/2024,Empresa Brasil de Comunicação - DF,DF,5998917,Hosts com o serviço SNMP vulneráveis que podem ser utilizados em ataques DDoS,200.133.199.1,Vulnerabilidades/Configuração Incorreta,21,Amplificação/SNMP,88,0,,2024-11-04 04:40:47-03:00,True
07/11/2024,PoP-DF,DF,5999375,Hosts com o serviço NTP vulneráveis que podem ser utilizados em ataques DDoS,2001:12f0:b00:65::e6,Vulnerabilidades/Tecnologia ou versão obsoleta,22,Amplificação/NTP,111,0,,2024-11-07 01:07:17-03:00,True
07/11/2024,Parque Tecnológico de Brasilia,DF,5999498,Host com o serviço SMB vulnerável,200.17.5.68,Vulnerabilidades/Configuração Incorreta,21,Acesso Indevido-Vazamento/SMB,102,0,,2024-11-07 03:54:17-03:00,True
08/11/2024,Parque Tecnológico de Brasilia,DF,5999600,Hosts com o serviço mDNS vulneráveis que podem ser utilizados em ataques DDoS,200.17.5.68,Vulnerabilidades/Configuração Incorreta,21,Amplificação/mDNS,84,0,,2024-11-08 03:24:16-03:00,True
08/11/2024,Parque Tecnológico de Brasilia,DF,5999620,Hosts com o serviço SNMP vulneráveis que podem ser utilizados em ataques DDoS,200.17.5.68,Vulnerabilidades/Configuração Incorreta,21,Amplificação/SNMP,88,0,,2024-11-08 03:51:26-03:00,True
08/11/2024,Parque Tecnológico de Brasilia,DF,5999623,Hosts com o serviço SSDP vulneráveis que podem ser utilizados em ataques DDoS,200.17.5.68,Vulnerabilidades/Configuração Incorreta,21,Amplificação/SSDP,89,0,,2024-11-08 03:53:41-03:00,True
09/11/2024,Universidade de Brasilia,DF,5999995,Host infectado com malware,164.41.98.226,Código Malicioso,13,Malware/Outros,60,0,,2024-11-09 04:23:39-03:00,False
13/11/2024,PoP-DF,DF,6000507,Hosts com o serviço NTP vulneráveis que podem ser utilizados em ataques DDoS,2001:12f0:b00:6a::1,Vulnerabilidades/Tecnologia ou versão obsoleta,22,Amplificação/NTP,111,0,,2024-11-13 01:26:21-03:00,True
15/11/2024,Parque Científico e Tecnológico da UnB,DF,6000895,Hosts com o serviço PortMapper vulneráveis que podem ser utilizados em ataques DDoS,200.130.14.10,Vulnerabilidades/Configuração Incorreta,21,Amplificação/Portmapper,85,0,,2024-11-15 04:23:45-03:00,True
15/11/2024,Empresa Brasil de Comunicação - DF,DF,6000906,Hosts com o serviço SNMP vulneráveis que podem ser utilizados em ataques DDoS,200.17.0.72,Vulnerabilidades/Configuração Incorreta,21,Amplificação/SNMP,88,0,,2024-11-15 04:40:45-03:00,True
16/11/2024,PoP-DF,DF,6000935,Hosts com o serviço NTP vulneráveis que podem ser utilizados em ataques DDoS,2001:12f0:b00:65::81,Vulnerabilidades/Tecnologia ou versão obsoleta,22,Amplificação/NTP,111,0,,2024-11-16 00:13:16-03:00,True
16/11/2024,Parque Científico e Tecnológico da UnB,DF,6000975,Hosts com o serviço PortMapper vulneráveis que podem ser utilizados em ataques DDoS,200.130.14.13,Vulnerabilidades/Configuração Incorreta,21,Amplificação/Portmapper,85,0,,2024-11-16 01:59:54-03:00,True
17/11/2024,PoP-DF,DF,6001010,Hosts com o serviço NTP vulneráveis que podem ser utilizados em ataques DDoS,2001:12f0:b00:65::22,Vulnerabilidades/Tecnologia ou versão obsoleta,22,Amplificação/NTP,111,0,,2024-11-17 00:23:04-03:00,True
17/11/2024,PoP-DF,DF,6001012,Hosts com o serviço NTP vulneráveis que podem ser utilizados em ataques DDoS,2001:12f0:b00:65::20,Vulnerabilidades/Tecnologia ou versão obsoleta,22,Amplificação/NTP,111,0,,2024-11-17 00:23:04-03:00,True
17/11/2024,Parque Científico e Tecnológico da UnB,DF,6001234,Hosts com o serviço PortMapper vulneráveis que podem ser utilizados em ataques DDoS,200.130.14.12,Vulnerabilidades/Configuração Incorreta,21,Amplificação/Portmapper,85,0,,2024-11-17 02:56:05-03:00,True
21/11/2024,PoP-DF,DF,6001883,Hosts com o serviço NTP vulneráveis que podem ser utilizados em ataques DDoS,2001:12f0:b00:104::4,Vulnerabilidades/Tecnologia ou versão obsoleta,22,Amplificação/NTP,111,0,,2024-11-21 00:55:47-03:00,True
21/11/2024,PoP-DF,DF,6001893,Host vulnerável com o serviço Telnet público,2001:12f0:b00:65::4e,Tentativa de intrusão,15,Tentativa de Login/Telnet,149,0,,2024-11-21 01:03:46-03:00,True
22/11/2024,Interno PoP-DF,DF,6002161,Host com o VMware vCenter Server vulnerável,200.19.119.110,Vulnerabilidades/Controle de Acesso,20,Acesso Indevido-Vazamento/Vmware,144,0,,2024-11-22 11:38:02-03:00,True
23/11/2024,PoP-DF,DF,6002182,Hosts com o serviço NTP vulneráveis que podem ser utilizados em ataques DDoS,2001:12f0:b00:65::d1,Vulnerabilidades/Tecnologia ou versão obsoleta,22,Amplificação/NTP,111,0,,2024-11-23 00:16:04-03:00,True
29/11/2024,PoP-DF,DF,6003511,Hosts com o serviço NTP vulneráveis que podem ser utilizados em ataques DDoS,2001:12f0:b00:65::61,Vulnerabilidades/Tecnologia ou versão obsoleta,22,Amplificação/NTP,111,0,,2024-11-29 00:22:13-03:00,True
02/12/2024,Gerência de Tecnologia da Informação,DF,6003939,Host com o serviço ElasticSearch vulnerável,200.133.56.146,Vulnerabilidades/Configuração Incorreta,21,Acesso Indevido-Vazamento/Elasticsearch,92,0,,2024-12-02 04:08:26-03:00,True
02/12/2024,Parque Tecnológico de Brasilia,DF,6003997,Hosts com o serviço NTP vulneráveis que podem ser utilizados em ataques DDoS,200.17.5.65,Vulnerabilidades/Tecnologia ou versão obsoleta,22,Amplificação/NTP,111,0,,2024-12-02 04:50:46-03:00,True
02/12/2024,Interno PoP-DF,DF,6004009,Hosts com o serviço NTP vulneráveis que podem ser utilizados em ataques DDoS,200.19.119.69,Vulnerabilidades/Tecnologia ou versão obsoleta,22,Amplificação/NTP,111,0,,2024-12-02 04:50:46-03:00,True
05/12/2024,Ministério das Comunicações,DF,6004595,Host com o serviço DVR DHCPdiscover vulnerável que pode ser utilizado em ataques DDoS,200.130.17.50,Vulnerabilidades/Configuração Incorreta,21,Amplificação/Dhcpdiscover,152,0,,2024-12-05 01:52:13-03:00,True
05/12/2024,Fundo Nacional de Desenvolvimento da Educação,DF,6004737,Servidores Web vulneráveis ao ataque Freak,200.130.5.70,Vulnerabilidades/Tecnologia ou versão obsoleta,22,Acesso Indevido-Vazamento/Freak,108,0,,2024-12-05 03:06:18-03:00,True
06/12/2024,PoP-DF,DF,6004817,Hosts com o serviço NTP vulneráveis que podem ser utilizados em ataques DDoS,2001:12f0:b00:65::d9,Vulnerabilidades/Tecnologia ou versão obsoleta,22,Amplificação/NTP,111,0,,2024-12-06 01:00:36-03:00,True
06/12/2024,PoP-DF,DF,6004818,Hosts com o serviço NTP vulneráveis que podem ser utilizados em ataques DDoS,2001:12f0:b00:65::4d,Vulnerabilidades/Tecnologia ou versão obsoleta,22,Amplificação/NTP,111,0,,2024-12-06 01:01:30-03:00,True
07/12/2024,PoP-DF,DF,6004929,Hosts com o serviço NTP vulneráveis que podem ser utilizados em ataques DDoS,2001:12f0:b00:65::69,Vulnerabilidades/Tecnologia ou versão obsoleta,22,Amplificação/NTP,111,0,,2024-12-07 00:43:33-03:00,True
07/12/2024,PoP-DF,DF,6004931,Hosts com o serviço NTP vulneráveis que podem ser utilizados em ataques DDoS,2001:12f0:b00:65::f1,Vulnerabilidades/Tecnologia ou versão obsoleta,22,Amplificação/NTP,111,0,,2024-12-07 00:44:41-03:00,True
09/12/2024,PoP-DF,DF,6005175,Hosts com o serviço NTP vulneráveis que podem ser utilizados em ataques DDoS,2001:12f0:b00:3::1916:1,Vulnerabilidades/Tecnologia ou versão obsoleta,22,Amplificação/NTP,111,0,,2024-12-09 01:06:03-03:00,True
09/12/2024,PoP-DF,DF,6005176,Hosts com o serviço NTP vulneráveis que podem ser utilizados em ataques DDoS,2001:12f0:b00:65::f2,Vulnerabilidades/Tecnologia ou versão obsoleta,22,Amplificação/NTP,111,0,,2024-12-09 01:07:02-03:00,True
10/12/2024,Universidade de Brasilia,DF,6005585,Host infectado com malware,164.41.132.250,Código Malicioso,13,Malware/Outros,60,0,,2024-12-10 11:52:18-03:00,False
11/12/2024,Ministério da Educação,DF,6005648,Equipamento Cisco com a funcionalidade Smart Install vulnerável,200.130.2.169,Vulnerabilidades/Tecnologia ou versão obsoleta,22,Acesso Indevido-Vazamento/Cisco Smart Install,110,0,,2024-12-11 03:06:24-03:00,True
12/12/2024,Ministério da Educação,DF,6005898,Equipamento Cisco com a funcionalidade Smart Install vulnerável,200.130.2.7,Vulnerabilidades/Tecnologia ou versão obsoleta,22,Acesso Indevido-Vazamento/Cisco Smart Install,110,0,,2024-12-12 03:35:38-03:00,True
12/12/2024,Ministério da Educação,DF,6005899,Equipamento Cisco com a funcionalidade Smart Install vulnerável,200.130.3.4,Vulnerabilidades/Tecnologia ou versão obsoleta,22,Acesso Indevido-Vazamento/Cisco Smart Install,110,0,,2024-12-12 03:36:36-03:00,True
12/12/2024,Ministério da Educação,DF,6005963,Hosts com o serviço NTP vulneráveis que podem ser utilizados em ataques DDoS,200.130.2.7,Vulnerabilidades/Tecnologia ou versão obsoleta,22,Amplificação/NTP,111,0,,2024-12-12 04:22:38-03:00,True
12/12/2024,Ministério da Educação,DF,6005977,Hosts com o serviço NTP vulneráveis que podem ser utilizados em ataques DDoS,200.130.3.4,Vulnerabilidades/Tecnologia ou versão obsoleta,22,Amplificação/NTP,111,0,,2024-12-12 04:22:38-03:00,True
13/12/2024,Interno PoP-DF,DF,6006197,Hosts com o serviço TFTP vulneráveis que podem ser utilizados em ataques DDoS,200.19.119.126,Vulnerabilidades/Tecnologia ou versão obsoleta,22,Amplificação/TFTP,112,0,,2024-12-13 13:20:52-03:00,True
17/12/2024,PoP-DF,DF,6006579,Hosts com o serviço NTP vulneráveis que podem ser utilizados em ataques DDoS,2001:12f0:b00:65::e6,Vulnerabilidades/Tecnologia ou versão obsoleta,22,Amplificação/NTP,111,0,,2024-12-17 00:22:44-03:00,True
18/12/2024,PoP-DF,DF,6006683,Hosts com o serviço NTP vulneráveis que podem ser utilizados em ataques DDoS,2001:12f0:b00:65::20,Vulnerabilidades/Tecnologia ou versão obsoleta,22,Amplificação/NTP,111,0,,2024-12-18 00:17:40-03:00,True
18/12/2024,PoP-DF,DF,6006686,Hosts com o serviço NTP vulneráveis que podem ser utilizados em ataques DDoS,2001:12f0:b00:65::22,Vulnerabilidades/Tecnologia ou versão obsoleta,22,Amplificação/NTP,111,0,,2024-12-18 00:17:40-03:00,True
19/12/2024,Parque Tecnológico de Brasilia,DF,6007044,Hosts com o serviço mDNS vulneráveis que podem ser utilizados em ataques DDoS,200.17.5.68,Vulnerabilidades/Configuração Incorreta,21,Amplificação/mDNS,84,0,,2024-12-19 01:46:22-03:00,True
19/12/2024,Parque Tecnológico de Brasilia,DF,6007113,Hosts com o serviço SNMP vulneráveis que podem ser utilizados em ataques DDoS,200.17.5.68,Vulnerabilidades/Configuração Incorreta,21,Amplificação/SNMP,88,0,,2024-12-19 02:16:52-03:00,True
19/12/2024,Empresa Brasil de Comunicação - DF,DF,6007150,Host realizando atividade maliciosa,200.17.0.3,Intrusão,16,Comprometimento de Host,69,0,,2024-12-19 03:26:21-03:00,False
19/12/2024,Universidade de Brasilia,DF,6007176,Host infectado com malware,164.41.98.226,Código Malicioso,13,Malware/Outros,60,0,,2024-12-19 03:43:52-03:00,False
21/12/2024,PoP-DF,DF,6007469,Hosts com o serviço NTP vulneráveis que podem ser utilizados em ataques DDoS,2001:12f0:b00:65::71,Vulnerabilidades/Tecnologia ou versão obsoleta,22,Amplificação/NTP,111,0,,2024-12-21 02:16:15-03:00,True
21/12/2024,PoP-DF,DF,6007476,Host vulnerável com o serviço Telnet público,2001:12f0:b00:65::4e,Tentativa de intrusão,15,Tentativa de Login/Telnet,149,0,,2024-12-21 02:30:13-03:00,True
21/12/2024,Embrapa Sede,DF,6007513,Hosts com o serviço CoAP vulneráveis que podem ser utilizados em ataques DDoS,200.202.148.12,Vulnerabilidades/Configuração Incorreta,21,Amplificação/CoAP,121,0,,2024-12-21 20:17:00-03:00,True
23/12/2024,PoP-DF,DF,6007700,Hosts com o serviço NTP vulneráveis que podem ser utilizados em ataques DDoS,2001:12f0:b00:65::25,Vulnerabilidades/Tecnologia ou versão obsoleta,22,Amplificação/NTP,111,0,,2024-12-23 00:29:53-03:00,True
23/12/2024,PoP-DF,DF,6007702,Hosts com o serviço NTP vulneráveis que podem ser utilizados em ataques DDoS,2001:12f0:b00:104::4,Vulnerabilidades/Tecnologia ou versão obsoleta,22,Amplificação/NTP,111,0,,2024-12-23 00:31:34-03:00,True
25/12/2024,PoP-DF,DF,6007862,Hosts com o serviço NTP vulneráveis que podem ser utilizados em ataques DDoS,2001:12f0:b00:65::d1,Vulnerabilidades/Tecnologia ou versão obsoleta,22,Amplificação/NTP,111,0,,2024-12-25 00:29:55-03:00,True
25/12/2024,Instituto Brasileiro de Informação em Ciencia e Tecnologia - DF,DF,6007902,Hosts com o serviço PortMapper vulneráveis que podem ser utilizados em ataques DDoS,200.130.45.16,Vulnerabilidades/Configuração Incorreta,21,Amplificação/Portmapper,85,0,,2024-12-25 02:23:56-03:00,True
26/12/2024,Instituto Brasileiro de Informação em Ciencia e Tecnologia - DF,DF,6008052,Hosts com o serviço NetBios vulneráveis que podem ser utilizados em ataques DDoS,200.130.45.16,Vulnerabilidades/Configuração Incorreta,21,Amplificação/NetBios,90,0,,2024-12-26 05:03:07-03:00,True
30/12/2024,PoP-DF,DF,6008678,Hosts com o serviço NTP vulneráveis que podem ser utilizados em ataques DDoS,2001:12f0:b00:65::dd,Vulnerabilidades/Tecnologia ou versão obsoleta,22,Amplificação/NTP,111,0,,2024-12-30 01:36:50-03:00,True
01/01/2025,PoP-DF,DF,6008892,Hosts com o serviço NTP vulneráveis que podem ser utilizados em ataques DDoS,2001:12f0:b00:65::81,Vulnerabilidades/Tecnologia ou versão obsoleta,22,Amplificação/NTP,111,0,,2025-01-01 00:39:11-03:00,True
01/01/2025,PoP-DF,DF,6008894,Hosts com o serviço NTP vulneráveis que podem ser utilizados em ataques DDoS,2001:12f0:b00:65::61,Vulnerabilidades/Tecnologia ou versão obsoleta,22,Amplificação/NTP,111,0,,2025-01-01 00:39:11-03:00,True
02/01/2025,Gerência de Tecnologia da Informação,DF,6009021,Host com o serviço ElasticSearch vulnerável,200.133.56.146,Vulnerabilidades/Configuração Incorreta,21,Acesso Indevido-Vazamento/Elasticsearch,92,0,,2025-01-02 04:35:58-03:00,True
02/01/2025,Parque Tecnológico de Brasilia,DF,6009123,Hosts com o serviço NTP vulneráveis que podem ser utilizados em ataques DDoS,200.17.5.65,Vulnerabilidades/Tecnologia ou versão obsoleta,22,Amplificação/NTP,111,0,,2025-01-02 05:24:23-03:00,True
08/01/2025,PoP-DF,DF,6010022,Hosts com o serviço NTP vulneráveis que podem ser utilizados em ataques DDoS,2001:12f0:b00:6a::1,Vulnerabilidades/Tecnologia ou versão obsoleta,22,Amplificação/NTP,111,0,,2025-01-08 00:35:26-03:00,True
10/01/2025,Ministério da Educação,DF,6010298,Equipamento Cisco com a funcionalidade Smart Install vulnerável,200.130.2.169,Vulnerabilidades/Tecnologia ou versão obsoleta,22,Acesso Indevido-Vazamento/Cisco Smart Install,110,0,,2025-01-10 03:28:48-03:00,True
